Season,WEEK,Avg_Temp_t-2,Avg_Temp_t-1,Avg_Temp,Avg_Precip_t-2,Avg_Precip_t-1,Target_Precip
0,2005-01-10,3.5999999999999996,2.0571428571428574,2.3000000000000003,0.5,45.5,21.4
0,2005-01-17,2.0571428571428574,2.3000000000000003,-9.842857142857143,45.5,21.4,38.2
0,2005-01-24,2.3000000000000003,-9.842857142857143,-7.257142857142857,21.4,38.2,7.6
0,2005-01-31,-9.842857142857143,-7.257142857142857,-0.942857142857143,38.2,7.6,6.8
0,2005-02-07,-7.257142857142857,-0.942857142857143,2.0571428571428574,7.6,6.8,22.900000000000002
0,2005-02-14,-0.942857142857143,2.0571428571428574,0.3285714285714288,6.8,22.900000000000002,13.7
0,2005-02-21,2.0571428571428574,0.3285714285714288,-3.0142857142857147,22.900000000000002,13.7,18.8
0,2005-02-28,0.3285714285714288,-3.0142857142857147,-1.5142857142857142,13.7,18.8,21.6
1,2005-03-07,-3.0142857142857147,-1.5142857142857142,-1.2714285714285716,18.8,21.6,33.2
1,2005-03-14,-1.5142857142857142,-1.2714285714285716,3.7142857142857144,21.6,33.2,0.0
1,2005-03-21,-1.2714285714285716,3.7142857142857144,3.957142857142857,33.2,0.0,4.8
1,2005-03-28,3.7142857142857144,3.957142857142857,6.442857142857143,0.0,4.8,77.5
1,2005-04-04,3.957142857142857,6.442857142857143,10.4,4.8,77.5,7.3
1,2005-04-11,6.442857142857143,10.4,6.5857142857142845,77.5,7.3,0.8
1,2005-04-18,10.4,6.5857142857142845,12.528571428571428,7.3,0.8,22.6
1,2005-04-25,6.5857142857142845,12.528571428571428,11.271428571428572,0.8,22.6,20.2
1,2005-05-02,12.528571428571428,11.271428571428572,9.514285714285714,22.6,20.2,17.5
1,2005-05-09,11.271428571428572,9.514285714285714,12.142857142857142,20.2,17.5,0.3
1,2005-05-16,9.514285714285714,12.142857142857142,11.185714285714285,17.5,0.3,14.8
1,2005-05-23,12.142857142857142,11.185714285714285,11.657142857142857,0.3,14.8,64.8
1,2005-05-30,11.185714285714285,11.657142857142857,16.9,14.8,64.8,1.3
2,2005-06-06,11.657142857142857,16.9,22.771428571428572,64.8,1.3,26.1
2,2005-06-13,16.9,22.771428571428572,16.32857142857143,1.3,26.1,5.1
2,2005-06-20,22.771428571428572,16.32857142857143,22.0,26.1,5.1,5.8999999999999995
2,2005-06-27,16.32857142857143,22.0,22.442857142857143,5.1,5.8999999999999995,0.0
2,2005-07-04,22.0,22.442857142857143,19.75714285714286,5.8999999999999995,0.0,81.0
2,2005-07-11,22.442857142857143,19.75714285714286,23.642857142857142,0.0,81.0,0.0
2,2005-07-18,19.75714285714286,23.642857142857142,26.357142857142858,81.0,0.0,4.6
2,2005-07-25,23.642857142857142,26.357142857142858,23.32857142857143,0.0,4.6,0.0
2,2005-08-01,26.357142857142858,23.32857142857143,24.607142857142858,4.6,0.0,28.5
2,2005-08-08,23.32857142857143,24.607142857142858,25.86428571428571,0.0,28.5,23.299999999999997
2,2005-08-15,24.607142857142858,25.86428571428571,21.157142857142855,28.5,23.299999999999997,3.8
2,2005-08-22,25.86428571428571,21.157142857142855,22.37857142857143,23.299999999999997,3.8,0.0
2,2005-08-29,21.157142857142855,22.37857142857143,23.57857142857143,3.8,0.0,22.55
3,2005-09-05,22.37857142857143,23.57857142857143,18.907142857142855,0.0,22.55,0.0
3,2005-09-12,23.57857142857143,18.907142857142855,21.460714285714285,22.55,0.0,49.4
3,2005-09-19,18.907142857142855,21.460714285714285,19.392857142857142,0.0,49.4,1.05
3,2005-09-26,21.460714285714285,19.392857142857142,16.853571428571428,49.4,1.05,20.75
3,2005-10-03,19.392857142857142,16.853571428571428,17.692857142857143,1.05,20.75,50.099999999999994
3,2005-10-10,16.853571428571428,17.692857142857143,13.214285714285714,20.75,50.099999999999994,114.30000000000001
3,2005-10-17,17.692857142857143,13.214285714285714,11.328571428571431,50.099999999999994,114.30000000000001,28.5
3,2005-10-24,13.214285714285714,11.328571428571431,7.1000000000000005,114.30000000000001,28.5,46.2
3,2005-10-31,11.328571428571431,7.1000000000000005,12.371428571428572,28.5,46.2,5.6
3,2005-11-07,7.1000000000000005,12.371428571428572,8.65,46.2,5.6,14.999999999999998
3,2005-11-14,12.371428571428572,8.65,7.135714285714286,5.6,14.999999999999998,11.6
3,2005-11-21,8.65,7.135714285714286,2.3857142857142857,14.999999999999998,11.6,45.8
3,2005-11-28,7.135714285714286,2.3857142857142857,5.714285714285714,11.6,45.8,19.3
0,2005-12-05,2.3857142857142857,5.714285714285714,-1.0357142857142858,45.8,19.3,16.0
0,2005-12-12,5.714285714285714,-1.0357142857142858,-1.9928571428571424,19.3,16.0,21.3
0,2005-12-19,-1.0357142857142858,-1.9928571428571424,0.6357142857142856,16.0,21.3,5.3
0,2005-12-26,-1.9928571428571424,0.6357142857142856,1.942857142857143,21.3,5.3,29.1
0,2006-01-02,0.6357142857142856,1.942857142857143,-0.11428571428571428,5.3,29.1,17.2
0,2006-01-09,1.942857142857143,-0.11428571428571428,5.45,29.1,17.2,39.199999999999996
0,2006-01-16,-0.11428571428571428,5.45,3.3857142857142857,17.2,39.199999999999996,17.5
0,2006-01-23,5.45,3.3857142857142857,2.064285714285714,39.199999999999996,17.5,37.1
0,2006-01-30,3.3857142857142857,2.064285714285714,4.557142857142857,17.5,37.1,39.6
0,2006-02-06,2.064285714285714,4.557142857142857,-2.542857142857143,37.1,39.6,24.9
0,2006-02-13,4.557142857142857,-2.542857142857143,0.27142857142857135,39.6,24.9,2.0
0,2006-02-20,-2.542857142857143,0.27142857142857135,-1.8285714285714287,24.9,2.0,4.6
0,2006-02-27,0.27142857142857135,-1.8285714285714287,-3.2214285714285715,2.0,4.6,0.0
1,2006-03-06,-1.8285714285714287,-3.2214285714285715,4.8,4.6,0.0,0.0
1,2006-03-13,-3.2214285714285715,4.8,2.771428571428572,0.0,0.0,14.0
1,2006-03-20,4.8,2.771428571428572,3.3642857142857143,0.0,14.0,0.3
1,2006-03-27,2.771428571428572,3.3642857142857143,10.514285714285714,14.0,0.3,1.5
1,2006-04-03,3.3642857142857143,10.514285714285714,6.285714285714286,0.3,1.5,21.3
1,2006-04-10,10.514285714285714,6.285714285714286,12.62142857142857,1.5,21.3,1.1
1,2006-04-17,6.285714285714286,12.62142857142857,10.278571428571428,21.3,1.1,18.9
1,2006-04-24,12.62142857142857,10.278571428571428,9.242857142857144,1.1,18.9,3.8
1,2006-05-01,10.278571428571428,9.242857142857144,13.064285714285715,18.9,3.8,30.0
1,2006-05-08,9.242857142857144,13.064285714285715,9.635714285714286,3.8,30.0,243.1
1,2006-05-15,13.064285714285715,9.635714285714286,13.8,30.0,243.1,37.0
1,2006-05-22,9.635714285714286,13.8,16.62857142857143,243.1,37.0,6.9
1,2006-05-29,13.8,16.62857142857143,18.37857142857143,37.0,6.9,72.6
2,2006-06-05,16.62857142857143,18.37857142857143,15.192857142857141,6.9,72.6,90.9
2,2006-06-12,18.37857142857143,15.192857142857141,21.514285714285712,72.6,90.9,2.5
2,2006-06-19,15.192857142857141,21.514285714285712,22.814285714285713,90.9,2.5,85.5
2,2006-06-26,21.514285714285712,22.814285714285713,23.614285714285717,2.5,85.5,4.6
2,2006-07-03,22.814285714285713,23.614285714285717,23.485714285714284,85.5,4.6,3.8
2,2006-07-10,23.614285714285717,23.485714285714284,24.285714285714285,4.6,3.8,30.7
2,2006-07-17,23.485714285714284,24.285714285714285,24.135714285714283,3.8,30.7,48.99999999999999
2,2006-07-24,24.285714285714285,24.135714285714283,25.835714285714285,30.7,48.99999999999999,7.4
2,2006-07-31,24.135714285714283,25.835714285714285,25.400000000000002,48.99999999999999,7.4,8.4
2,2006-08-07,25.835714285714285,25.400000000000002,22.064285714285713,7.4,8.4,1.0
2,2006-08-14,25.400000000000002,22.064285714285713,23.178571428571427,8.4,1.0,33.8
2,2006-08-21,22.064285714285713,23.178571428571427,19.321428571428573,1.0,33.8,31.8
2,2006-08-28,23.178571428571427,19.321428571428573,17.910714285714285,33.8,31.8,11.75
3,2006-09-04,19.321428571428573,17.910714285714285,19.79642857142857,31.8,11.75,6.1
3,2006-09-11,17.910714285714285,19.79642857142857,17.232142857142858,11.75,6.1,10.899999999999999
3,2006-09-18,19.79642857142857,17.232142857142858,19.207142857142856,6.1,10.899999999999999,22.75
3,2006-09-25,17.232142857142858,19.207142857142856,14.992857142857144,10.899999999999999,22.75,17.299999999999997
3,2006-10-02,19.207142857142856,14.992857142857144,14.828571428571427,22.75,17.299999999999997,3.0
3,2006-10-09,14.992857142857144,14.828571428571427,13.821428571428571,17.299999999999997,3.0,31.5
3,2006-10-16,14.828571428571427,13.821428571428571,11.707142857142857,3.0,31.5,13.5
3,2006-10-23,13.821428571428571,11.707142857142857,9.207142857142857,31.5,13.5,56.599999999999994
3,2006-10-30,11.707142857142857,9.207142857142857,8.77142857142857,13.5,56.599999999999994,8.1
3,2006-11-06,9.207142857142857,8.77142857142857,11.542857142857143,56.599999999999994,8.1,47.2
3,2006-11-13,8.77142857142857,11.542857142857143,12.107142857142858,8.1,47.2,38.3
3,2006-11-20,11.542857142857143,12.107142857142858,5.442857142857143,47.2,38.3,53.4
3,2006-11-27,12.107142857142858,5.442857142857143,10.878571428571428,38.3,53.4,8.35
0,2006-12-04,5.442857142857143,10.878571428571428,2.2964285714285713,53.4,8.35,4.35
0,2006-12-11,10.878571428571428,2.2964285714285713,7.117857142857142,8.35,4.35,4.05
0,2006-12-18,2.2964285714285713,7.117857142857142,5.810714285714285,4.35,4.05,23.2
0,2006-12-25,7.117857142857142,5.810714285714285,2.117857142857143,4.05,23.2,15.700000000000001
0,2007-01-01,5.810714285714285,2.117857142857143,8.592857142857143,23.2,15.700000000000001,23.900000000000002
0,2007-01-08,2.117857142857143,8.592857142857143,3.292857142857143,15.700000000000001,23.900000000000002,19.3
0,2007-01-15,8.592857142857143,3.292857142857143,-3.0928571428571425,23.900000000000002,19.3,21.1
0,2007-01-22,3.292857142857143,-3.0928571428571425,-5.235714285714286,19.3,21.1,1.0
0,2007-01-29,-3.0928571428571425,-5.235714285714286,-3.085714285714286,21.1,1.0,6.3
0,2007-02-05,-5.235714285714286,-3.085714285714286,-5.942857142857143,1.0,6.3,0.0
0,2007-02-12,-3.085714285714286,-5.942857142857143,-4.921428571428571,6.3,0.0,41.1
0,2007-02-19,-5.942857142857143,-4.921428571428571,-1.3571428571428572,0.0,41.1,0.8
0,2007-02-26,-4.921428571428571,-1.3571428571428572,2.3000000000000003,41.1,0.8,45.2
1,2007-03-05,-1.3571428571428572,2.3000000000000003,-3.642857142857143,0.8,45.2,6.9
1,2007-03-12,2.3000000000000003,-3.642857142857143,5.357142857142857,45.2,6.9,50.800000000000004
1,2007-03-19,-3.642857142857143,5.357142857142857,3.5714285714285716,6.9,50.800000000000004,10.4
1,2007-03-26,5.357142857142857,3.5714285714285716,7.178571428571429,50.800000000000004,10.4,8.1
1,2007-04-02,3.5714285714285716,7.178571428571429,2.7857142857142856,10.4,8.1,34.9
1,2007-04-09,7.178571428571429,2.7857142857142856,5.242857142857143,8.1,34.9,58.2
1,2007-04-16,2.7857142857142856,5.242857142857143,8.542857142857143,34.9,58.2,29.0
1,2007-04-23,5.242857142857143,8.542857142857143,11.985714285714286,58.2,29.0,42.1
1,2007-04-30,8.542857142857143,11.985714285714286,13.457142857142856,29.0,42.1,4.0
1,2007-05-07,11.985714285714286,13.457142857142856,17.82857142857143,42.1,4.0,1.8
1,2007-05-14,13.457142857142856,17.82857142857143,12.471428571428572,4.0,1.8,90.2
1,2007-05-21,17.82857142857143,12.471428571428572,19.05,1.8,90.2,0.0
1,2007-05-28,12.471428571428572,19.05,20.321428571428573,90.2,0.0,6.6
2,2007-06-04,19.05,20.321428571428573,16.914285714285715,0.0,6.6,37.1
2,2007-06-11,20.321428571428573,16.914285714285715,18.085714285714285,6.6,37.1,2.6
2,2007-06-18,16.914285714285715,18.085714285714285,21.02857142857143,37.1,2.6,7.199999999999999
2,2007-06-25,18.085714285714285,21.02857142857143,24.792857142857144,2.6,7.199999999999999,5.8
2,2007-07-02,21.02857142857143,24.792857142857144,22.12857142857143,7.199999999999999,5.8,9.7
2,2007-07-09,24.792857142857144,22.12857142857143,22.907142857142862,5.8,9.7,7.1
2,2007-07-16,22.12857142857143,22.907142857142862,21.7,9.7,7.1,7.3999999999999995
2,2007-07-23,22.907142857142862,21.7,24.635714285714283,7.1,7.3999999999999995,60.4
2,2007-07-30,21.7,24.635714285714283,25.37857142857143,7.3999999999999995,60.4,43.7
2,2007-08-06,24.635714285714283,25.37857142857143,21.692857142857143,60.4,43.7,15.5
2,2007-08-13,25.37857142857143,21.692857142857143,22.135714285714283,43.7,15.5,1.0
2,2007-08-20,21.692857142857143,22.135714285714283,21.47142857142857,15.5,1.0,0.0
2,2007-08-27,22.135714285714283,21.47142857142857,21.557142857142857,1.0,0.0,0.3
3,2007-09-03,21.47142857142857,21.557142857142857,22.671428571428574,0.0,0.3,0.8
3,2007-09-10,21.557142857142857,22.671428571428574,17.264285714285712,0.3,0.8,41.4
3,2007-09-17,22.671428571428574,17.264285714285712,17.385714285714286,0.8,41.4,0.0
3,2007-09-24,17.264285714285712,17.385714285714286,21.907142857142855,41.4,0.0,3.8
3,2007-10-01,17.385714285714286,21.907142857142855,18.657142857142855,0.0,3.8,0.0
3,2007-10-08,21.907142857142855,18.657142857142855,13.37142857142857,3.8,0.0,26.0
3,2007-10-15,18.657142857142855,13.37142857142857,15.514285714285716,0.0,26.0,13.7
3,2007-10-22,13.37142857142857,15.514285714285716,15.12142857142857,26.0,13.7,13.299999999999999
3,2007-10-29,15.514285714285716,15.12142857142857,10.1,13.7,13.299999999999999,21.6
3,2007-11-05,15.12142857142857,10.1,5.25,13.299999999999999,21.6,16.2
3,2007-11-12,10.1,5.25,6.664285714285714,21.6,16.2,22.799999999999997
3,2007-11-19,5.25,6.664285714285714,3.5214285714285714,16.2,22.799999999999997,2.0
3,2007-11-26,6.664285714285714,3.5214285714285714,4.007142857142857,22.799999999999997,2.0,9.4
0,2007-12-03,3.5214285714285714,4.007142857142857,-0.9500000000000001,2.0,9.4,15.3
0,2007-12-10,4.007142857142857,-0.9500000000000001,-0.35714285714285715,9.4,15.3,57.2
0,2007-12-17,-0.9500000000000001,-0.35714285714285715,-0.7142857142857143,15.3,57.2,26.3
0,2007-12-24,-0.35714285714285715,-0.7142857142857143,3.7357142857142853,57.2,26.3,21.699999999999996
0,2007-12-31,-0.7142857142857143,3.7357142857142853,-2.1,26.3,21.699999999999996,16.5
0,2008-01-07,3.7357142857142853,-2.1,8.092857142857143,21.699999999999996,16.5,35.8
0,2008-01-14,-2.1,8.092857142857143,-0.4214285714285713,16.5,35.8,23.7
0,2008-01-21,8.092857142857143,-0.4214285714285713,-2.6214285714285714,35.8,23.7,3.3
0,2008-01-28,-0.4214285714285713,-2.6214285714285714,3.207142857142857,23.7,3.3,30.5
0,2008-02-04,-2.6214285714285714,3.207142857142857,1.2642857142857142,3.3,30.5,56.199999999999996
0,2008-02-11,3.207142857142857,1.2642857142857142,-1.5999999999999999,30.5,56.199999999999996,71.39999999999999
0,2008-02-18,1.2642857142857142,-1.5999999999999999,0.39285714285714274,56.199999999999996,71.39999999999999,32.8
0,2008-02-25,-1.5999999999999999,0.39285714285714274,-1.0785714285714285,71.39999999999999,32.8,18.1
1,2008-03-03,0.39285714285714274,-1.0785714285714285,5.878571428571428,32.8,18.1,68.3
1,2008-03-10,-1.0785714285714285,5.878571428571428,2.414285714285714,18.1,68.3,12.7
1,2008-03-17,5.878571428571428,2.414285714285714,2.692857142857143,68.3,12.7,19.3
1,2008-03-24,2.414285714285714,2.692857142857143,3.4142857142857146,12.7,19.3,7.1
1,2008-03-31,2.692857142857143,3.4142857142857146,6.632142857142857,19.3,7.1,32.5
1,2008-04-07,3.4142857142857146,6.632142857142857,7.896428571428571,7.1,32.5,13.75
1,2008-04-14,6.632142857142857,7.896428571428571,9.067857142857141,32.5,13.75,0.15
1,2008-04-21,7.896428571428571,9.067857142857141,13.096428571428572,13.75,0.15,0.0
1,2008-04-28,9.067857142857141,13.096428571428572,8.971428571428572,0.15,0.0,52.2
1,2008-05-05,13.096428571428572,8.971428571428572,13.389285714285714,0.0,52.2,6.699999999999999
1,2008-05-12,8.971428571428572,13.389285714285714,13.228571428571428,52.2,6.699999999999999,18.849999999999998
1,2008-05-19,13.389285714285714,13.228571428571428,14.37142857142857,6.699999999999999,18.849999999999998,4.7
1,2008-05-26,13.228571428571428,14.37142857142857,18.610714285714288,18.849999999999998,4.7,18.400000000000002
2,2008-06-02,14.37142857142857,18.610714285714288,18.989285714285717,4.7,18.400000000000002,19.3
2,2008-06-09,18.610714285714288,18.989285714285717,23.38214285714286,18.400000000000002,19.3,5.75
2,2008-06-16,18.989285714285717,23.38214285714286,19.521428571428572,19.3,5.75,18.45
2,2008-06-23,23.38214285714286,19.521428571428572,21.410714285714285,5.75,18.45,47.65
2,2008-06-30,19.521428571428572,21.410714285714285,22.407142857142855,18.45,47.65,35.35
2,2008-07-07,21.410714285714285,22.407142857142855,24.939285714285713,47.65,35.35,1.55
2,2008-07-14,22.407142857142855,24.939285714285713,25.339285714285715,35.35,1.55,18.55
2,2008-07-21,24.939285714285713,25.339285714285715,22.974999999999998,1.55,18.55,116.65
2,2008-07-28,25.339285714285715,22.974999999999998,23.467857142857145,18.55,116.65,34.3
2,2008-08-04,22.974999999999998,23.467857142857145,20.714285714285715,116.65,34.3,68.5
2,2008-08-11,23.467857142857145,20.714285714285715,20.70357142857143,34.3,68.5,24.5
2,2008-08-18,20.714285714285715,20.70357142857143,21.057142857142857,68.5,24.5,0.3
2,2008-08-25,20.70357142857143,21.057142857142857,20.55,24.5,0.3,0.0
3,2008-09-01,21.057142857142857,20.55,22.782142857142855,0.3,0.0,57.25
3,2008-09-08,20.55,22.782142857142855,18.517857142857142,0.0,57.25,19.6
3,2008-09-15,22.782142857142855,18.517857142857142,15.807142857142859,57.25,19.6,6.0
3,2008-09-22,18.517857142857142,15.807142857142859,15.007142857142856,19.6,6.0,85.4
3,2008-09-29,15.807142857142859,15.007142857142856,14.767857142857142,6.0,85.4,19.7
3,2008-10-06,15.007142857142856,14.767857142857142,13.514285714285714,85.4,19.7,0.4
3,2008-10-13,14.767857142857142,13.514285714285714,12.382142857142856,19.7,0.4,0.0
3,2008-10-20,13.514285714285714,12.382142857142856,8.339285714285714,0.4,0.0,17.1
3,2008-10-27,12.382142857142856,8.339285714285714,7.3999999999999995,0.0,17.1,9.649999999999999
3,2008-11-03,8.339285714285714,7.3999999999999995,10.967857142857143,17.1,9.649999999999999,26.95
3,2008-11-10,7.3999999999999995,10.967857142857143,9.285714285714286,9.649999999999999,26.95,25.4
3,2008-11-17,10.967857142857143,9.285714285714286,-0.7928571428571429,26.95,25.4,0.0
3,2008-11-24,9.285714285714286,-0.7928571428571429,2.8000000000000003,25.4,0.0,61.4
0,2008-12-01,-0.7928571428571429,2.8000000000000003,3.707142857142857,0.0,61.4,15.55
0,2008-12-08,2.8000000000000003,3.707142857142857,0.8071428571428575,61.4,15.55,105.1
0,2008-12-15,3.707142857142857,0.8071428571428575,0.5464285714285712,15.55,105.1,48.05
0,2008-12-22,0.8071428571428575,0.5464285714285712,0.6392857142857142,105.1,48.05,15.35
0,2008-12-29,0.5464285714285712,0.6392857142857142,-2.6535714285714285,48.05,15.35,10.75
0,2009-01-05,0.6392857142857142,-2.6535714285714285,-2.075,15.35,10.75,48.0
0,2009-01-12,-2.6535714285714285,-2.075,-7.7250000000000005,10.75,48.0,9.4
0,2009-01-19,-2.075,-7.7250000000000005,-4.421428571428572,48.0,9.4,7.9
0,2009-01-26,-7.7250000000000005,-4.421428571428572,-4.021428571428571,9.4,7.9,31.6
0,2009-02-02,-4.421428571428572,-4.021428571428571,-3.189285714285714,7.9,31.6,8.9
0,2009-02-09,-4.021428571428571,-3.189285714285714,2.039285714285714,31.6,8.9,3.1999999999999997
0,2009-02-16,-3.189285714285714,2.039285714285714,-0.3464285714285715,8.9,3.1999999999999997,22.3
0,2009-02-23,2.039285714285714,-0.3464285714285715,1.092857142857143,3.1999999999999997,22.3,17.25
1,2009-03-02,-0.3464285714285715,1.092857142857143,-0.02142857142857148,22.3,17.25,24.599999999999998
1,2009-03-09,1.092857142857143,-0.02142857142857148,2.5785714285714283,17.25,24.599999999999998,19.05
1,2009-03-16,-0.02142857142857148,2.5785714285714283,3.75,24.599999999999998,19.05,0.65
1,2009-03-23,2.5785714285714283,3.75,3.9071428571428575,19.05,0.65,15.6
1,2009-03-30,3.75,3.9071428571428575,7.082142857142857,0.65,15.6,28.75
1,2009-04-06,3.9071428571428575,7.082142857142857,7.367857142857143,15.6,28.75,48.2
1,2009-04-13,7.082142857142857,7.367857142857143,8.239285714285714,28.75,48.2,2.4
1,2009-04-20,7.367857142857143,8.239285714285714,12.982142857142858,48.2,2.4,34.85
1,2009-04-27,8.239285714285714,12.982142857142858,16.20357142857143,2.4,34.85,0.8
1,2009-05-04,12.982142857142858,16.20357142857143,14.814285714285715,34.85,0.8,41.15
1,2009-05-11,16.20357142857143,14.814285714285715,14.457142857142857,0.8,41.15,4.3
1,2009-05-18,14.814285714285715,14.457142857142857,17.285714285714285,41.15,4.3,8.8
1,2009-05-25,14.457142857142857,17.285714285714285,14.424999999999999,4.3,8.8,18.0
2,2009-06-01,17.285714285714285,14.424999999999999,17.6,8.8,18.0,1.4
2,2009-06-08,14.424999999999999,17.6,16.65,18.0,1.4,26.9
2,2009-06-15,17.6,16.65,16.932142857142857,1.4,26.9,24.8
2,2009-06-22,16.65,16.932142857142857,18.085714285714285,26.9,24.8,26.55
2,2009-06-29,16.932142857142857,18.085714285714285,18.942857142857143,24.8,26.55,52.0
2,2009-07-06,18.085714285714285,18.942857142857143,18.928571428571427,26.55,52.0,37.35
2,2009-07-13,18.942857142857143,18.928571428571427,22.300000000000004,52.0,37.35,9.55
2,2009-07-20,18.928571428571427,22.300000000000004,21.089285714285715,37.35,9.55,85.10000000000001
2,2009-07-27,22.300000000000004,21.089285714285715,24.7,9.55,85.10000000000001,23.25
2,2009-08-03,21.089285714285715,24.7,22.57857142857143,85.10000000000001,23.25,0.0
2,2009-08-10,24.7,22.57857142857143,22.978571428571428,23.25,0.0,5.75
2,2009-08-17,22.57857142857143,22.978571428571428,26.967857142857145,0.0,5.75,15.5
2,2009-08-24,22.978571428571428,26.967857142857145,20.732142857142858,5.75,15.5,56.050000000000004
2,2009-08-31,26.967857142857145,20.732142857142858,18.321428571428573,15.5,56.050000000000004,0.0
3,2009-09-07,20.732142857142858,18.321428571428573,17.017857142857142,56.050000000000004,0.0,59.2
3,2009-09-14,18.321428571428573,17.017857142857142,16.367857142857144,0.0,59.2,0.0
3,2009-09-21,17.017857142857142,16.367857142857144,16.932142857142857,59.2,0.0,6.1
3,2009-09-28,16.367857142857144,16.932142857142857,13.982142857142858,0.0,6.1,46.0
3,2009-10-05,16.932142857142857,13.982142857142858,13.596428571428572,6.1,46.0,19.1
3,2009-10-12,13.982142857142858,13.596428571428572,6.1499999999999995,46.0,19.1,25.55
3,2009-10-19,13.596428571428572,6.1499999999999995,11.407142857142857,19.1,25.55,54.55
3,2009-10-26,6.1499999999999995,11.407142857142857,10.182142857142859,25.55,54.55,20.5
3,2009-11-02,11.407142857142857,10.182142857142859,7.421428571428572,54.55,20.5,0.4
3,2009-11-09,10.182142857142859,7.421428571428572,11.182142857142855,20.5,0.4,48.5
3,2009-11-16,7.421428571428572,11.182142857142855,8.757142857142856,0.4,48.5,13.75
3,2009-11-23,11.182142857142855,8.757142857142856,8.257142857142856,48.5,13.75,24.25
3,2009-11-30,8.757142857142856,8.257142857142856,7.053571428571429,13.75,24.25,41.5
0,2009-12-07,8.257142857142856,7.053571428571429,0.275,24.25,41.5,38.349999999999994
0,2009-12-14,7.053571428571429,0.275,-1.8821428571428573,41.5,38.349999999999994,16.15
0,2009-12-21,0.275,-1.8821428571428573,-1.6142857142857143,38.349999999999994,16.15,18.849999999999998
0,2009-12-28,-1.8821428571428573,-1.6142857142857143,-2.835714285714286,16.15,18.849999999999998,18.2
0,2010-01-04,-1.6142857142857143,-2.835714285714286,-3.439285714285714,18.849999999999998,18.2,0.65
0,2010-01-11,-2.835714285714286,-3.439285714285714,-1.825,18.2,0.65,5.45
0,2010-01-18,-3.439285714285714,-1.825,-0.16071428571428573,0.65,5.45,29.05
0,2010-01-25,-1.825,-0.16071428571428573,-1.425,5.45,29.05,26.05
0,2010-02-01,-0.16071428571428573,-1.425,-3.8392857142857144,29.05,26.05,0.65
0,2010-02-08,-1.425,-3.8392857142857144,-0.8821428571428571,26.05,0.65,4.949999999999999
0,2010-02-15,-3.8392857142857144,-0.8821428571428571,1.7678571428571428,0.65,4.949999999999999,15.0
0,2010-02-22,-0.8821428571428571,1.7678571428571428,2.832142857142857,4.949999999999999,15.0,82.05
1,2010-03-01,1.7678571428571428,2.832142857142857,3.7428571428571433,15.0,82.05,10.6
1,2010-03-08,2.832142857142857,3.7428571428571433,5.817857142857143,82.05,10.6,113.4
1,2010-03-15,3.7428571428571433,5.817857142857143,9.414285714285715,10.6,113.4,90.44999999999999
1,2010-03-22,5.817857142857143,9.414285714285715,5.335714285714286,113.4,90.44999999999999,64.0
1,2010-03-29,9.414285714285715,5.335714285714286,10.575000000000001,90.44999999999999,64.0,131.95000000000002
1,2010-04-05,5.335714285714286,10.575000000000001,13.635714285714286,64.0,131.95000000000002,23.75
1,2010-04-12,10.575000000000001,13.635714285714286,8.496428571428572,131.95000000000002,23.75,16.25
1,2010-04-19,13.635714285714286,8.496428571428572,12.678571428571429,23.75,16.25,3.9499999999999997
1,2010-04-26,8.496428571428572,12.678571428571429,12.1,16.25,3.9499999999999997,5.699999999999999
1,2010-05-03,12.678571428571429,12.1,18.057142857142857,3.9499999999999997,5.699999999999999,18.95
1,2010-05-10,12.1,18.057142857142857,12.360714285714286,5.699999999999999,18.95,8.5
1,2010-05-17,18.057142857142857,12.360714285714286,15.996428571428572,18.95,8.5,35.35
1,2010-05-24,12.360714285714286,15.996428571428572,20.782142857142855,8.5,35.35,11.15
1,2010-05-31,15.996428571428572,20.782142857142855,21.48928571428571,35.35,11.15,48.1
2,2010-06-07,20.782142857142855,21.48928571428571,16.86785714285714,11.15,48.1,17.0
2,2010-06-14,21.48928571428571,16.86785714285714,20.75,48.1,17.0,3.05
2,2010-06-21,16.86785714285714,20.75,24.060714285714287,17.0,3.05,14.05
2,2010-06-28,20.75,24.060714285714287,23.235714285714288,3.05,14.05,2.8
2,2010-07-05,24.060714285714287,23.235714285714288,27.439285714285713,14.05,2.8,41.15
2,2010-07-12,23.235714285714288,27.439285714285713,25.41785714285714,2.8,41.15,11.1
2,2010-07-19,27.439285714285713,25.41785714285714,24.599999999999998,41.15,11.1,12.95
2,2010-07-26,25.41785714285714,24.599999999999998,23.37857142857143,11.1,12.95,2.0
2,2010-08-02,24.599999999999998,23.37857142857143,24.52857142857143,12.95,2.0,33.400000000000006
2,2010-08-09,23.37857142857143,24.52857142857143,22.62142857142857,2.0,33.400000000000006,2.3
2,2010-08-16,24.52857142857143,22.62142857142857,22.875,33.400000000000006,2.3,9.149999999999999
2,2010-08-23,22.62142857142857,22.875,19.59642857142857,2.3,9.149999999999999,130.39999999999998
2,2010-08-30,22.875,19.59642857142857,26.014285714285712,9.149999999999999,130.39999999999998,11.2
3,2010-09-06,19.59642857142857,26.014285714285712,19.457142857142856,130.39999999999998,11.2,6.75
3,2010-09-13,26.014285714285712,19.457142857142856,16.307142857142857,11.2,6.75,11.6
3,2010-09-20,19.457142857142856,16.307142857142857,19.90357142857143,6.75,11.6,0.0
3,2010-09-27,16.307142857142857,19.90357142857143,18.982142857142858,11.6,0.0,31.650000000000002
3,2010-10-04,19.90357142857143,18.982142857142858,13.22857142857143,0.0,31.650000000000002,52.75
3,2010-10-11,18.982142857142858,13.22857142857143,11.578571428571427,31.650000000000002,52.75,47.15
3,2010-10-18,13.22857142857143,11.578571428571427,9.389285714285714,52.75,47.15,1.05
3,2010-10-25,11.578571428571427,9.389285714285714,13.807142857142859,47.15,1.05,4.6499999999999995
3,2010-11-01,9.389285714285714,13.807142857142859,6.789285714285714,1.05,4.6499999999999995,36.75
3,2010-11-08,13.807142857142859,6.789285714285714,7.167857142857144,4.6499999999999995,36.75,20.05
3,2010-11-15,6.789285714285714,7.167857142857144,8.27142857142857,36.75,20.05,24.949999999999996
3,2010-11-22,7.167857142857144,8.27142857142857,4.914285714285714,20.05,24.949999999999996,3.55
3,2010-11-29,8.27142857142857,4.914285714285714,4.125000000000001,24.949999999999996,3.55,11.05
0,2010-12-06,4.914285714285714,4.125000000000001,-1.5999999999999999,3.55,11.05,14.75
0,2010-12-13,4.125000000000001,-1.5999999999999999,-1.0714285714285718,11.05,14.75,27.7
0,2010-12-20,-1.5999999999999999,-1.0714285714285718,-0.6178571428571429,14.75,27.7,18.85
0,2010-12-27,-1.0714285714285718,-0.6178571428571429,1.3142857142857143,27.7,18.85,25.55
0,2011-01-03,-0.6178571428571429,1.3142857142857143,-0.6749999999999999,18.85,25.55,7.35
0,2011-01-10,1.3142857142857143,-0.6749999999999999,-3.6499999999999995,25.55,7.35,38.25
0,2011-01-17,-0.6749999999999999,-3.6499999999999995,-4.817857142857143,7.35,38.25,46.6
0,2011-01-24,-3.6499999999999995,-4.817857142857143,-5.5321428571428575,38.25,46.6,27.749999999999996
0,2011-01-31,-4.817857142857143,-5.5321428571428575,-3.457142857142857,46.6,27.749999999999996,55.15
0,2011-02-07,-5.5321428571428575,-3.457142857142857,-2.3035714285714284,27.749999999999996,55.15,6.85
0,2011-02-14,-3.457142857142857,-2.3035714285714284,3.246428571428571,55.15,6.85,2.05
0,2011-02-21,-2.3035714285714284,3.246428571428571,-1.1500000000000001,6.85,2.05,52.65
0,2011-02-28,3.246428571428571,-1.1500000000000001,1.8250000000000004,2.05,52.65,18.55
1,2011-03-07,-1.1500000000000001,1.8250000000000004,4.439285714285714,52.65,18.55,28.8
1,2011-03-14,1.8250000000000004,4.439285714285714,5.2821428571428575,18.55,28.8,20.549999999999997
1,2011-03-21,4.439285714285714,5.2821428571428575,2.157142857142857,28.8,20.549999999999997,6.05
1,2011-03-28,5.2821428571428575,2.157142857142857,5.146428571428572,20.549999999999997,6.05,28.95
1,2011-04-04,2.157142857142857,5.146428571428572,7.792857142857143,6.05,28.95,17.3
1,2011-04-11,5.146428571428572,7.792857142857143,9.567857142857141,28.95,17.3,78.64999999999999
1,2011-04-18,7.792857142857143,9.567857142857141,9.089285714285714,17.3,78.64999999999999,17.45
1,2011-04-25,9.567857142857141,9.089285714285714,13.992857142857144,78.64999999999999,17.45,2.4000000000000004
1,2011-05-02,9.089285714285714,13.992857142857144,13.903571428571428,17.45,2.4000000000000004,24.3
1,2011-05-09,13.992857142857144,13.903571428571428,12.221428571428572,2.4000000000000004,24.3,21.099999999999998
1,2011-05-16,13.903571428571428,12.221428571428572,11.971428571428572,24.3,21.099999999999998,40.25
1,2011-05-23,12.221428571428572,11.971428571428572,19.87857142857143,21.099999999999998,40.25,7.3999999999999995
1,2011-05-30,11.971428571428572,19.87857142857143,18.61785714285714,40.25,7.3999999999999995,23.6
2,2011-06-06,19.87857142857143,18.61785714285714,20.228571428571428,7.3999999999999995,23.6,44.25
2,2011-06-13,18.61785714285714,20.228571428571428,19.075,23.6,44.25,5.75
2,2011-06-20,20.228571428571428,19.075,18.564285714285713,44.25,5.75,77.6
2,2011-06-27,19.075,18.564285714285713,22.657142857142855,5.75,77.6,4.1
2,2011-07-04,18.564285714285713,22.657142857142855,24.589285714285715,77.6,4.1,11.55
2,2011-07-11,22.657142857142855,24.589285714285715,24.603571428571428,4.1,11.55,20.7
2,2011-07-18,24.589285714285715,24.603571428571428,27.4,11.55,20.7,3.1999999999999997
2,2011-07-25,24.603571428571428,27.4,23.099999999999998,20.7,3.1999999999999997,11.2
2,2011-08-01,27.4,23.099999999999998,24.175,3.1999999999999997,11.2,38.8
2,2011-08-08,23.099999999999998,24.175,22.817857142857143,11.2,38.8,80.9
2,2011-08-15,24.175,22.817857142857143,22.978571428571428,38.8,80.9,44.849999999999994
2,2011-08-22,22.817857142857143,22.978571428571428,23.485714285714288,80.9,44.849999999999994,69.4
2,2011-08-29,22.978571428571428,23.485714285714288,20.95714285714286,44.849999999999994,69.4,15.65
3,2011-09-05,23.485714285714288,20.95714285714286,19.057142857142857,69.4,15.65,68.05
3,2011-09-12,20.95714285714286,19.057142857142857,18.392857142857142,15.65,68.05,3.6
3,2011-09-19,19.057142857142857,18.392857142857142,18.650000000000002,68.05,3.6,31.7
3,2011-09-26,18.392857142857142,18.650000000000002,19.392857142857142,3.6,31.7,50.15
3,2011-10-03,18.650000000000002,19.392857142857142,15.410714285714286,31.7,50.15,42.449999999999996
3,2011-10-10,19.392857142857142,15.410714285714286,16.785714285714285,50.15,42.449999999999996,53.5
3,2011-10-17,15.410714285714286,16.785714285714285,13.785714285714286,42.449999999999996,53.5,50.650000000000006
3,2011-10-24,16.785714285714285,13.785714285714286,7.357142857142857,53.5,50.650000000000006,60.65
3,2011-10-31,13.785714285714286,7.357142857142857,6.482142857142857,50.650000000000006,60.65,0.0
3,2011-11-07,7.357142857142857,6.482142857142857,10.864285714285714,60.65,0.0,25.9
3,2011-11-14,6.482142857142857,10.864285714285714,10.985714285714286,0.0,25.9,25.15
3,2011-11-21,10.864285714285714,10.985714285714286,7.078571428571428,25.9,25.15,39.9
3,2011-11-28,10.985714285714286,7.078571428571428,8.95,25.15,39.9,21.450000000000003
0,2011-12-05,7.078571428571428,8.95,6.964285714285714,39.9,21.450000000000003,69.1
0,2011-12-12,8.95,6.964285714285714,3.2142857142857144,21.450000000000003,69.1,1.4
0,2011-12-19,6.964285714285714,3.2142857142857144,1.7392857142857143,69.1,1.4,26.55
0,2011-12-26,3.2142857142857144,1.7392857142857143,2.835714285714286,1.4,26.55,6.2
0,2012-01-02,1.7392857142857143,2.835714285714286,0.8607142857142859,26.55,6.2,0.4
0,2012-01-09,2.835714285714286,0.8607142857142859,0.2428571428571425,6.2,0.4,31.5
0,2012-01-16,0.8607142857142859,0.2428571428571425,-2.967857142857143,0.4,31.5,16.299999999999997
0,2012-01-23,0.2428571428571425,-2.967857142857143,3.8428571428571425,31.5,16.299999999999997,31.65
0,2012-01-30,-2.967857142857143,3.8428571428571425,2.0607142857142855,16.299999999999997,31.65,0.0
0,2012-02-06,3.8428571428571425,2.0607142857142855,0.975,31.65,0.0,2.05
0,2012-02-13,2.0607142857142855,0.975,2.417857142857143,0.0,2.05,1.4
0,2012-02-20,0.975,2.417857142857143,3.6607142857142856,2.05,1.4,14.25
0,2012-02-27,2.417857142857143,3.6607142857142856,1.5821428571428573,1.4,14.25,37.849999999999994
1,2012-03-05,3.6607142857142856,1.5821428571428573,4.514285714285714,14.25,37.849999999999994,0.25
1,2012-03-12,1.5821428571428573,4.514285714285714,8.932142857142859,37.849999999999994,0.25,3.6
1,2012-03-19,4.514285714285714,8.932142857142859,15.528571428571428,0.25,3.6,0.3
1,2012-03-26,8.932142857142859,15.528571428571428,4.935714285714286,3.6,0.3,5.9
1,2012-04-02,15.528571428571428,4.935714285714286,7.839285714285714,0.3,5.9,3.4499999999999997
1,2012-04-09,4.935714285714286,7.839285714285714,11.325000000000001,5.9,3.4499999999999997,7.35
1,2012-04-16,7.839285714285714,11.325000000000001,17.40357142857143,3.4499999999999997,7.35,13.35
1,2012-04-23,11.325000000000001,17.40357142857143,10.421428571428573,7.35,13.35,56.7
1,2012-04-30,17.40357142857143,10.421428571428573,9.857142857142858,13.35,56.7,22.15
1,2012-05-07,10.421428571428573,9.857142857142858,14.37857142857143,56.7,22.15,35.2
1,2012-05-14,9.857142857142858,14.37857142857143,16.560714285714287,22.15,35.2,17.5
1,2012-05-21,14.37857142857143,16.560714285714287,18.646428571428572,35.2,17.5,16.6
1,2012-05-28,16.560714285714287,18.646428571428572,18.49285714285714,17.5,16.6,35.349999999999994
2,2012-06-04,18.646428571428572,18.49285714285714,15.289285714285715,16.6,35.349999999999994,20.1
2,2012-06-11,18.49285714285714,15.289285714285715,17.42142857142857,35.349999999999994,20.1,18.15
2,2012-06-18,15.289285714285715,17.42142857142857,23.13214285714286,20.1,18.15,23.85
2,2012-06-25,17.42142857142857,23.13214285714286,22.696428571428573,18.15,23.85,44.6
2,2012-07-02,23.13214285714286,22.696428571428573,24.66428571428571,23.85,44.6,4.45
2,2012-07-09,22.696428571428573,24.66428571428571,24.839285714285715,44.6,4.45,0.0
2,2012-07-16,24.66428571428571,24.839285714285715,24.142857142857142,4.45,0.0,42.3
2,2012-07-23,24.839285714285715,24.142857142857142,23.017857142857142,0.0,42.3,37.45
2,2012-07-30,24.142857142857142,23.017857142857142,24.039285714285715,42.3,37.45,32.6
2,2012-08-06,23.017857142857142,24.039285714285715,24.685714285714287,37.45,32.6,24.3
2,2012-08-13,24.039285714285715,24.685714285714287,23.192857142857143,32.6,24.3,23.55
2,2012-08-20,24.685714285714287,23.192857142857143,22.167857142857144,24.3,23.55,0.0
2,2012-08-27,23.192857142857143,22.167857142857144,22.00357142857143,23.55,0.0,1.9
3,2012-09-03,22.167857142857144,22.00357142857143,21.485714285714288,0.0,1.9,47.900000000000006
3,2012-09-10,22.00357142857143,21.485714285714288,18.400000000000002,1.9,47.900000000000006,3.8
3,2012-09-17,21.485714285714288,18.400000000000002,16.15357142857143,47.900000000000006,3.8,25.4
3,2012-09-24,18.400000000000002,16.15357142857143,14.957142857142857,3.8,25.4,24.5
3,2012-10-01,16.15357142857143,14.957142857142857,16.17142857142857,25.4,24.5,9.0
3,2012-10-08,14.957142857142857,16.17142857142857,10.62857142857143,24.5,9.0,9.649999999999999
3,2012-10-15,16.17142857142857,10.62857142857143,13.74642857142857,9.0,9.649999999999999,14.25
3,2012-10-22,10.62857142857143,13.74642857142857,12.342857142857143,9.649999999999999,14.25,1.0
3,2012-10-29,13.74642857142857,12.342857142857143,11.321428571428571,14.25,1.0,54.5
3,2012-11-05,12.342857142857143,11.321428571428571,4.878571428571428,1.0,54.5,16.6
3,2012-11-12,11.321428571428571,4.878571428571428,6.882142857142857,54.5,16.6,9.3
3,2012-11-19,4.878571428571428,6.882142857142857,4.914285714285714,16.6,9.3,0.0
3,2012-11-26,6.882142857142857,4.914285714285714,1.5678571428571428,9.3,0.0,5.6
0,2012-12-03,4.914285714285714,1.5678571428571428,5.853571428571429,0.0,5.6,10.45
0,2012-12-10,1.5678571428571428,5.853571428571429,4.025,5.6,10.45,18.3
0,2012-12-17,5.853571428571429,4.025,4.214285714285714,10.45,18.3,58.400000000000006
0,2012-12-24,4.025,4.214285714285714,0.2142857142857144,18.3,58.400000000000006,77.55
0,2012-12-31,4.214285714285714,0.2142857142857144,-3.353571428571428,58.400000000000006,77.55,0.0
0,2013-01-07,0.2142857142857144,-3.353571428571428,2.667857142857143,77.55,0.0,3.6999999999999997
0,2013-01-14,-3.353571428571428,2.667857142857143,3.5,0.0,3.6999999999999997,10.15
0,2013-01-21,2.667857142857143,3.5,-7.296428571428572,3.6999999999999997,10.15,1.35
0,2013-01-28,3.5,-7.296428571428572,0.18214285714285713,10.15,1.35,17.3
0,2013-02-04,-7.296428571428572,0.18214285714285713,-4.210714285714285,1.35,17.3,61.800000000000004
0,2013-02-11,0.18214285714285713,-4.210714285714285,0.8928571428571429,17.3,61.800000000000004,9.35
0,2013-02-18,-4.210714285714285,0.8928571428571429,-0.6321428571428572,61.800000000000004,9.35,35.3
0,2013-02-25,0.8928571428571429,-0.6321428571428572,2.685714285714286,9.35,35.3,45.849999999999994
1,2013-03-04,-0.6321428571428572,2.685714285714286,1.8714285714285714,35.3,45.849999999999994,41.4
1,2013-03-11,2.685714285714286,1.8714285714285714,2.978571428571428,45.849999999999994,41.4,8.15
1,2013-03-18,1.8714285714285714,2.978571428571428,0.4607142857142857,41.4,8.15,40.4
1,2013-03-25,2.978571428571428,0.4607142857142857,6.242857142857143,8.15,40.4,1.4500000000000002
1,2013-04-01,0.4607142857142857,6.242857142857143,5.6571428571428575,40.4,1.4500000000000002,3.9
1,2013-04-08,6.242857142857143,5.6571428571428575,8.725,1.4500000000000002,3.9,19.15
1,2013-04-15,5.6571428571428575,8.725,10.803571428571429,3.9,19.15,12.100000000000001
1,2013-04-22,8.725,10.803571428571429,9.814285714285715,19.15,12.100000000000001,5.6
1,2013-04-29,10.803571428571429,9.814285714285715,11.696428571428571,12.100000000000001,5.6,0.0
1,2013-05-06,9.814285714285715,11.696428571428571,14.75357142857143,5.6,0.0,26.9
1,2013-05-13,11.696428571428571,14.75357142857143,14.025,0.0,26.9,2.4
1,2013-05-20,14.75357142857143,14.025,15.210714285714285,26.9,2.4,41.550000000000004
1,2013-05-27,14.025,15.210714285714285,20.79642857142857,2.4,41.550000000000004,23.6
2,2013-06-03,15.210714285714285,20.79642857142857,18.317857142857143,41.550000000000004,23.6,109.2
2,2013-06-10,20.79642857142857,18.317857142857143,17.510714285714286,23.6,109.2,102.15
2,2013-06-17,18.317857142857143,17.510714285714286,21.15357142857143,109.2,102.15,31.2
2,2013-06-24,17.510714285714286,21.15357142857143,23.957142857142856,102.15,31.2,29.65
2,2013-07-01,21.15357142857143,23.957142857142856,26.732142857142858,31.2,29.65,2.05
2,2013-07-08,23.957142857142856,26.732142857142858,23.457142857142856,29.65,2.05,5.1
2,2013-07-15,26.732142857142858,23.457142857142856,28.532142857142855,2.05,5.1,0.8
2,2013-07-22,23.457142857142856,28.532142857142855,21.70357142857143,5.1,0.8,82.89999999999999
2,2013-07-29,28.532142857142855,21.70357142857143,22.717857142857145,0.8,82.89999999999999,7.25
2,2013-08-05,21.70357142857143,22.717857142857145,21.303571428571427,82.89999999999999,7.25,44.7
2,2013-08-12,22.717857142857145,21.303571428571427,20.82857142857143,7.25,44.7,0.0
2,2013-08-19,21.303571428571427,20.82857142857143,22.675,44.7,0.0,0.0
2,2013-08-26,20.82857142857143,22.675,21.835714285714285,0.0,0.0,6.6499999999999995
3,2013-09-02,22.675,21.835714285714285,20.185714285714287,0.0,6.6499999999999995,30.000000000000004
3,2013-09-09,21.835714285714285,20.185714285714287,20.196428571428573,6.6499999999999995,30.000000000000004,23.9
3,2013-09-16,20.185714285714287,20.196428571428573,16.817857142857143,30.000000000000004,23.9,9.0
3,2013-09-23,20.196428571428573,16.817857142857143,14.178571428571429,23.9,9.0,0.25
3,2013-09-30,16.817857142857143,14.178571428571429,16.928571428571427,9.0,0.25,8.7
3,2013-10-07,14.178571428571429,16.928571428571427,14.460714285714285,0.25,8.7,5.199999999999999
3,2013-10-14,16.928571428571427,14.460714285714285,14.010714285714286,8.7,5.199999999999999,1.15
3,2013-10-21,14.460714285714285,14.010714285714286,9.375,5.199999999999999,1.15,0.9
3,2013-10-28,14.010714285714286,9.375,10.071428571428571,1.15,0.9,3.75
3,2013-11-04,9.375,10.071428571428571,6.232142857142857,0.9,3.75,7.55
3,2013-11-11,10.071428571428571,6.232142857142857,5.9071428571428575,3.75,7.55,3.15
3,2013-11-18,6.232142857142857,5.9071428571428575,5.335714285714286,7.55,3.15,10.95
3,2013-11-25,5.9071428571428575,5.335714285714286,0.775,3.15,10.95,50.45
0,2013-12-02,5.335714285714286,0.775,4.417857142857143,10.95,50.45,14.15
0,2013-12-09,0.775,4.417857142857143,-2.7785714285714285,50.45,14.15,41.8
0,2013-12-16,4.417857142857143,-2.7785714285714285,-0.07857142857142867,14.15,41.8,13.5
0,2013-12-23,-2.7785714285714285,-0.07857142857142867,-0.26785714285714296,41.8,13.5,36.6
0,2013-12-30,-0.07857142857142867,-0.26785714285714296,-6.607142857142857,13.5,36.6,37.55
0,2014-01-06,-0.26785714285714296,-6.607142857142857,-0.6107142857142852,36.6,37.55,22.1
0,2014-01-13,-6.607142857142857,-0.6107142857142852,3.507142857142857,37.55,22.1,39.050000000000004
0,2014-01-20,-0.6107142857142852,3.507142857142857,-7.046428571428571,22.1,39.050000000000004,4.449999999999999
0,2014-01-27,3.507142857142857,-7.046428571428571,-2.564285714285714,39.050000000000004,4.449999999999999,0.65
0,2014-02-03,-7.046428571428571,-2.564285714285714,-2.667857142857143,4.449999999999999,0.65,35.85
0,2014-02-10,-2.564285714285714,-2.667857142857143,-3.8500000000000005,0.65,35.85,56.25
0,2014-02-17,-2.667857142857143,-3.8500000000000005,-0.07142857142857142,35.85,56.25,28.099999999999998
0,2014-02-24,-3.8500000000000005,-0.07142857142857142,-3.5571428571428574,56.25,28.099999999999998,0.4
1,2014-03-03,-0.07142857142857142,-3.5571428571428574,-3.314285714285714,28.099999999999998,0.4,0.0
1,2014-03-10,-3.5571428571428574,-3.314285714285714,1.4642857142857142,0.4,0.0,12.35
1,2014-03-17,-3.314285714285714,1.4642857142857142,1.1857142857142857,0.0,12.35,7.65
1,2014-03-24,1.4642857142857142,1.1857142857142857,1.3142857142857143,12.35,7.65,70.95
1,2014-03-31,1.1857142857142857,1.3142857142857143,5.114285714285714,7.65,70.95,31.0
1,2014-04-07,1.3142857142857143,5.114285714285714,10.853571428571428,70.95,31.0,24.2
1,2014-04-14,5.114285714285714,10.853571428571428,9.39642857142857,31.0,24.2,30.05
1,2014-04-21,10.853571428571428,9.39642857142857,10.110714285714286,24.2,30.05,16.4
1,2014-04-28,9.39642857142857,10.110714285714286,10.50357142857143,30.05,16.4,27.75
1,2014-05-05,10.110714285714286,10.50357142857143,14.939285714285715,16.4,27.75,6.199999999999999
1,2014-05-12,10.50357142857143,14.939285714285715,17.099999999999998,27.75,6.199999999999999,21.7
1,2014-05-19,14.939285714285715,17.099999999999998,14.228571428571428,6.199999999999999,21.7,11.35
1,2014-05-26,17.099999999999998,14.228571428571428,14.110714285714286,21.7,11.35,18.2
2,2014-06-02,14.228571428571428,14.110714285714286,18.321428571428573,11.35,18.2,24.8
2,2014-06-09,14.110714285714286,18.321428571428573,19.12142857142857,18.2,24.8,29.450000000000003
2,2014-06-16,18.321428571428573,19.12142857142857,21.410714285714285,24.8,29.450000000000003,4.3
2,2014-06-23,19.12142857142857,21.410714285714285,21.360714285714288,29.450000000000003,4.3,7.4
2,2014-06-30,21.410714285714285,21.360714285714288,24.585714285714285,4.3,7.4,63.15
2,2014-07-07,21.360714285714288,24.585714285714285,24.214285714285715,7.4,63.15,1.0
2,2014-07-14,24.585714285714285,24.214285714285715,22.825,63.15,1.0,41.9
2,2014-07-21,24.214285714285715,22.825,22.757142857142856,1.0,41.9,4.45
2,2014-07-28,22.825,22.757142857142856,21.614285714285717,41.9,4.45,20.099999999999998
2,2014-08-04,22.757142857142856,21.614285714285717,22.489285714285717,4.45,20.099999999999998,0.44999999999999996
2,2014-08-11,21.614285714285717,22.489285714285717,20.910714285714285,20.099999999999998,0.44999999999999996,30.999999999999996
2,2014-08-18,22.489285714285717,20.910714285714285,19.410714285714285,0.44999999999999996,30.999999999999996,2.0
2,2014-08-25,20.910714285714285,19.410714285714285,22.385714285714283,30.999999999999996,2.0,7.5
3,2014-09-01,19.410714285714285,22.385714285714283,25.085714285714285,2.0,7.5,12.299999999999999
3,2014-09-08,22.385714285714283,25.085714285714285,17.817857142857143,7.5,12.299999999999999,3.6999999999999997
3,2014-09-15,25.085714285714285,17.817857142857143,14.757142857142856,12.299999999999999,3.6999999999999997,0.15
3,2014-09-22,17.817857142857143,14.757142857142856,17.625,3.6999999999999997,0.15,0.0
3,2014-09-29,14.757142857142856,17.625,14.510714285714286,0.15,0.0,45.699999999999996
3,2014-10-06,17.625,14.510714285714286,13.542857142857143,0.0,45.699999999999996,8.8
3,2014-10-13,14.510714285714286,13.542857142857143,16.79642857142857,45.699999999999996,8.8,15.35
3,2014-10-20,13.542857142857143,16.79642857142857,10.778571428571428,8.8,15.35,90.05
3,2014-10-27,16.79642857142857,10.778571428571428,10.200000000000001,15.35,90.05,20.1
3,2014-11-03,10.778571428571428,10.200000000000001,8.857142857142858,90.05,20.1,18.3
3,2014-11-10,10.200000000000001,8.857142857142858,6.289285714285714,20.1,18.3,8.35
3,2014-11-17,8.857142857142858,6.289285714285714,1.9714285714285715,18.3,8.35,28.450000000000003
3,2014-11-24,6.289285714285714,1.9714285714285715,5.678571428571429,8.35,28.450000000000003,50.400000000000006
0,2014-12-01,1.9714285714285715,5.678571428571429,4.857142857142857,28.450000000000003,50.400000000000006,46.0
0,2014-12-08,5.678571428571429,4.857142857142857,1.367857142857143,50.400000000000006,46.0,96.45
0,2014-12-15,4.857142857142857,1.367857142857143,2.492857142857143,46.0,96.45,10.450000000000001
0,2014-12-22,1.367857142857143,2.492857142857143,6.25,96.45,10.450000000000001,25.8
0,2014-12-29,2.492857142857143,6.25,-0.8464285714285713,10.450000000000001,25.8,28.700000000000003
0,2015-01-05,6.25,-0.8464285714285713,-6.171428571428571,25.8,28.700000000000003,2.95
0,2015-01-12,-0.8464285714285713,-6.171428571428571,-4.289285714285714,28.700000000000003,2.95,8.75
0,2015-01-19,-6.171428571428571,-4.289285714285714,0.12857142857142853,2.95,8.75,20.950000000000003
0,2015-01-26,-4.289285714285714,0.12857142857142853,-7.107142857142857,8.75,20.950000000000003,28.1
0,2015-02-02,0.12857142857142853,-7.107142857142857,-6.814285714285715,20.950000000000003,28.1,40.15
0,2015-02-09,-7.107142857142857,-6.814285714285715,-7.932142857142857,28.1,40.15,39.55
0,2015-02-16,-6.814285714285715,-7.932142857142857,-8.503571428571428,40.15,39.55,10.3
0,2015-02-23,-7.932142857142857,-8.503571428571428,-6.735714285714286,39.55,10.3,4.3
1,2015-03-02,-8.503571428571428,-6.735714285714286,-2.232142857142857,10.3,4.3,10.899999999999999
1,2015-03-09,-6.735714285714286,-2.232142857142857,2.8392857142857144,4.3,10.899999999999999,25.05
1,2015-03-16,-2.232142857142857,2.8392857142857144,-0.5857142857142856,10.899999999999999,25.05,8.2
1,2015-03-23,2.8392857142857144,-0.5857142857142856,1.0071428571428571,25.05,8.2,31.05
1,2015-03-30,-0.5857142857142856,1.0071428571428571,5.553571428571429,8.2,31.05,8.700000000000001
1,2015-04-06,1.0071428571428571,5.553571428571429,5.457142857142857,31.05,8.700000000000001,15.3
1,2015-04-13,5.553571428571429,5.457142857142857,12.564285714285715,8.700000000000001,15.3,1.4
1,2015-04-20,5.457142857142857,12.564285714285715,9.167857142857143,15.3,1.4,28.799999999999997
1,2015-04-27,12.564285714285715,9.167857142857143,10.028571428571428,1.4,28.799999999999997,4.05
1,2015-05-04,9.167857142857143,10.028571428571428,17.732142857142858,28.799999999999997,4.05,0.5
1,2015-05-11,10.028571428571428,17.732142857142858,17.45,4.05,0.5,0.65
1,2015-05-18,17.732142857142858,17.45,14.928571428571429,0.5,0.65,6.5
1,2015-05-25,17.45,14.928571428571429,22.04642857142857,0.65,6.5,15.850000000000001
2,2015-06-01,14.928571428571429,22.04642857142857,12.182142857142859,6.5,15.850000000000001,46.0
2,2015-06-08,22.04642857142857,12.182142857142859,21.8,15.850000000000001,46.0,0.0
2,2015-06-15,12.182142857142859,21.8,18.103571428571428,46.0,0.0,50.95
2,2015-06-22,21.8,18.103571428571428,20.732142857142858,0.0,50.95,43.45
2,2015-06-29,18.103571428571428,20.732142857142858,19.885714285714283,50.95,43.45,19.0
2,2015-07-06,20.732142857142858,19.885714285714283,23.55,43.45,19.0,34.65
2,2015-07-13,19.885714285714283,23.55,22.37857142857143,19.0,34.65,6.8
2,2015-07-20,23.55,22.37857142857143,23.639285714285712,34.65,6.8,0.4
2,2015-07-27,22.37857142857143,23.639285714285712,25.771428571428572,6.8,0.4,1.9
2,2015-08-03,23.639285714285712,25.771428571428572,23.117857142857144,0.4,1.9,12.65
2,2015-08-10,25.771428571428572,23.117857142857144,22.86785714285714,1.9,12.65,26.4
2,2015-08-17,23.117857142857144,22.86785714285714,24.86785714285714,12.65,26.4,14.7
2,2015-08-24,22.86785714285714,24.86785714285714,22.660714285714285,26.4,14.7,1.3
2,2015-08-31,24.86785714285714,22.660714285714285,23.264285714285712,14.7,1.3,0.15
3,2015-09-07,22.660714285714285,23.264285714285712,22.74642857142857,1.3,0.15,29.550000000000004
3,2015-09-14,23.264285714285712,22.74642857142857,21.646428571428572,0.15,29.550000000000004,1.0
3,2015-09-21,22.74642857142857,21.646428571428572,16.075,29.550000000000004,1.0,0.0
3,2015-09-28,21.646428571428572,16.075,16.04642857142857,1.0,0.0,71.2
3,2015-10-05,16.075,16.04642857142857,13.75357142857143,0.0,71.2,7.1
3,2015-10-12,16.04642857142857,13.75357142857143,12.87142857142857,71.2,7.1,3.8
3,2015-10-19,13.75357142857143,12.87142857142857,10.196428571428571,7.1,3.8,2.3
3,2015-10-26,12.87142857142857,10.196428571428571,10.410714285714286,3.8,2.3,34.1
3,2015-11-02,10.196428571428571,10.410714285714286,14.885714285714286,2.3,34.1,0.0
3,2015-11-09,10.410714285714286,14.885714285714286,8.746428571428572,34.1,0.0,18.05
3,2015-11-16,14.885714285714286,8.746428571428572,7.378571428571429,0.0,18.05,27.000000000000004
3,2015-11-23,8.746428571428572,7.378571428571429,6.135714285714286,18.05,27.000000000000004,9.5
3,2015-11-30,7.378571428571429,6.135714285714286,4.7250000000000005,27.000000000000004,9.5,11.2
0,2015-12-07,6.135714285714286,4.7250000000000005,8.235714285714286,9.5,11.2,0.0
0,2015-12-14,4.7250000000000005,8.235714285714286,7.296428571428572,11.2,0.0,31.0
0,2015-12-21,8.235714285714286,7.296428571428572,9.89642857142857,0.0,31.0,35.400000000000006
0,2015-12-28,7.296428571428572,9.89642857142857,1.425,31.0,35.400000000000006,33.949999999999996
0,2016-01-04,9.89642857142857,1.425,-0.021428571428571606,35.400000000000006,33.949999999999996,18.45
0,2016-01-11,1.425,-0.021428571428571606,-0.060714285714285686,33.949999999999996,18.45,50.05
0,2016-01-18,-0.021428571428571606,-0.060714285714285686,-3.892857142857143,18.45,50.05,16.0
0,2016-01-25,-0.060714285714285686,-3.892857142857143,1.9214285714285713,50.05,16.0,0.0
0,2016-02-01,-3.892857142857143,1.9214285714285713,4.910714285714286,16.0,0.0,38.8
0,2016-02-08,1.9214285714285713,4.910714285714286,-6.178571428571429,0.0,38.8,11.45
0,2016-02-15,4.910714285714286,-6.178571428571429,1.05,38.8,11.45,22.6
0,2016-02-22,-6.178571428571429,1.05,4.035714285714286,11.45,22.6,33.8
0,2016-02-29,1.05,4.035714285714286,2.885714285714286,22.6,33.8,9.45
1,2016-03-07,4.035714285714286,2.885714285714286,9.424999999999999,33.8,9.45,12.1
1,2016-03-14,2.885714285714286,9.424999999999999,6.385714285714286,9.45,12.1,38.3
1,2016-03-21,9.424999999999999,6.385714285714286,4.521428571428571,12.1,38.3,9.549999999999999
1,2016-03-28,6.385714285714286,4.521428571428571,9.085714285714285,38.3,9.549999999999999,34.4
1,2016-04-04,4.521428571428571,9.085714285714285,2.8642857142857143,9.549999999999999,34.4,41.7
1,2016-04-11,9.085714285714285,2.8642857142857143,8.260714285714286,34.4,41.7,6.6499999999999995
1,2016-04-18,2.8642857142857143,8.260714285714286,12.592857142857143,41.7,6.6499999999999995,3.6999999999999997
1,2016-04-25,8.260714285714286,12.592857142857143,9.028571428571428,6.6499999999999995,3.6999999999999997,8.65
1,2016-05-02,12.592857142857143,9.028571428571428,8.846428571428572,3.6999999999999997,8.65,32.6
1,2016-05-09,9.028571428571428,8.846428571428572,15.567857142857141,8.65,32.6,3.55
1,2016-05-16,8.846428571428572,15.567857142857141,14.278571428571428,32.6,3.55,1.15
1,2016-05-23,15.567857142857141,14.278571428571428,19.285714285714285,3.55,1.15,4.3
1,2016-05-30,14.278571428571428,19.285714285714285,18.764285714285712,1.15,4.3,42.8
2,2016-06-06,19.285714285714285,18.764285714285712,19.039285714285715,4.3,42.8,16.0
2,2016-06-13,18.764285714285712,19.039285714285715,20.092857142857145,42.8,16.0,1.5
2,2016-06-20,19.039285714285715,20.092857142857145,21.267857142857142,16.0,1.5,0.9
2,2016-06-27,20.092857142857145,21.267857142857142,23.47142857142857,1.5,0.9,9.549999999999999
2,2016-07-04,21.267857142857142,23.47142857142857,21.446428571428573,0.9,9.549999999999999,11.549999999999999
2,2016-07-11,23.47142857142857,21.446428571428573,24.50714285714286,9.549999999999999,11.549999999999999,0.65
2,2016-07-18,21.446428571428573,24.50714285714286,26.057142857142857,11.549999999999999,0.65,5.5
2,2016-07-25,24.50714285714286,26.057142857142857,26.29642857142857,0.65,5.5,4.35
2,2016-08-01,26.057142857142857,26.29642857142857,23.214285714285715,5.5,4.35,5.3
2,2016-08-08,26.29642857142857,23.214285714285715,25.86785714285714,4.35,5.3,17.299999999999997
2,2016-08-15,23.214285714285715,25.86785714285714,25.425,5.3,17.299999999999997,0.7
2,2016-08-22,25.86785714285714,25.425,24.2,17.299999999999997,0.7,21.35
2,2016-08-29,25.425,24.2,22.017857142857142,0.7,21.35,0.5
3,2016-09-05,24.2,22.017857142857142,22.375,21.35,0.5,10.05
3,2016-09-12,22.017857142857142,22.375,19.74642857142857,0.5,10.05,2.15
3,2016-09-19,22.375,19.74642857142857,20.435714285714283,10.05,2.15,16.25
3,2016-09-26,19.74642857142857,20.435714285714283,14.375,2.15,16.25,28.3
3,2016-10-03,20.435714285714283,14.375,14.667857142857143,16.25,28.3,25.4
3,2016-10-10,14.375,14.667857142857143,11.589285714285714,28.3,25.4,20.349999999999998
3,2016-10-17,14.667857142857143,11.589285714285714,16.871428571428574,25.4,20.349999999999998,57.15
3,2016-10-24,11.589285714285714,16.871428571428574,8.125,20.349999999999998,57.15,34.65
3,2016-10-31,16.871428571428574,8.125,9.592857142857143,57.15,34.65,7.35
3,2016-11-07,8.125,9.592857142857143,7.971428571428572,34.65,7.35,0.3
3,2016-11-14,9.592857142857143,7.971428571428572,10.25357142857143,7.35,0.3,32.849999999999994
3,2016-11-21,7.971428571428572,10.25357142857143,3.739285714285714,0.3,32.849999999999994,2.2
3,2016-11-28,10.25357142857143,3.739285714285714,6.146428571428571,32.849999999999994,2.2,40.849999999999994
0,2016-12-05,3.739285714285714,6.146428571428571,0.6714285714285714,2.2,40.849999999999994,6.45
0,2016-12-12,6.146428571428571,0.6714285714285714,-1.0785714285714287,40.849999999999994,6.45,27.25
0,2016-12-19,0.6714285714285714,-1.0785714285714287,0.7214285714285715,6.45,27.25,9.95
0,2016-12-26,-1.0785714285714287,0.7214285714285715,2.8249999999999997,27.25,9.95,31.150000000000002
0,2017-01-02,0.7214285714285715,2.8249999999999997,-0.43928571428571417,9.95,31.150000000000002,40.4
0,2017-01-09,2.8249999999999997,-0.43928571428571417,0.24285714285714274,31.150000000000002,40.4,8.399999999999999
0,2017-01-16,-0.43928571428571417,0.24285714285714274,2.8464285714285715,40.4,8.399999999999999,17.75
0,2017-01-23,0.24285714285714274,2.8464285714285715,3.85,8.399999999999999,17.75,42.6
0,2017-01-30,2.8464285714285715,3.85,-1.292857142857143,17.75,42.6,2.8
0,2017-02-06,3.85,-1.292857142857143,-1.7392857142857143,42.6,2.8,61.25
0,2017-02-13,-1.292857142857143,-1.7392857142857143,0.5642857142857143,2.8,61.25,24.4
0,2017-02-20,-1.7392857142857143,0.5642857142857143,8.889285714285714,61.25,24.4,3.3
0,2017-02-27,0.5642857142857143,8.889285714285714,2.8464285714285715,24.4,3.3,0.4
1,2017-03-06,8.889285714285714,2.8464285714285715,2.5376526277146434e-16,3.3,0.4,6.85
1,2017-03-13,2.8464285714285715,2.5376526277146434e-16,-2.1285714285714286,0.4,6.85,45.2
1,2017-03-20,2.5376526277146434e-16,-2.1285714285714286,2.6035714285714286,6.85,45.2,2.3
1,2017-03-27,-2.1285714285714286,2.6035714285714286,3.8428571428571425,45.2,2.3,98.15
1,2017-04-03,2.6035714285714286,3.8428571428571425,6.760714285714286,2.3,98.15,53.0
1,2017-04-10,3.8428571428571425,6.760714285714286,14.196428571428571,98.15,53.0,0.65
1,2017-04-17,6.760714285714286,14.196428571428571,10.760714285714286,53.0,0.65,18.5
1,2017-04-24,14.196428571428571,10.760714285714286,14.325000000000001,0.65,18.5,40.35
1,2017-05-01,10.760714285714286,14.325000000000001,11.575,18.5,40.35,26.55
1,2017-05-08,14.325000000000001,11.575,10.071428571428571,40.35,26.55,28.45
1,2017-05-15,11.575,10.071428571428571,19.275000000000002,26.55,28.45,10.950000000000001
1,2017-05-22,10.071428571428571,19.275000000000002,13.510714285714286,28.45,10.950000000000001,37.849999999999994
1,2017-05-29,19.275000000000002,13.510714285714286,15.435714285714287,10.950000000000001,37.849999999999994,7.6
2,2017-06-05,13.510714285714286,15.435714285714287,16.682142857142857,37.849999999999994,7.6,48.5
2,2017-06-12,15.435714285714287,16.682142857142857,22.514285714285712,7.6,48.5,57.2
2,2017-06-19,16.682142857142857,22.514285714285712,24.810714285714287,48.5,57.2,6.6
2,2017-06-26,22.514285714285712,24.810714285714287,22.339285714285715,57.2,6.6,8.75
2,2017-07-03,24.810714285714287,22.339285714285715,22.932142857142857,6.6,8.75,19.200000000000003
2,2017-07-10,22.339285714285715,22.932142857142857,21.825,8.75,19.200000000000003,25.199999999999996
2,2017-07-17,22.932142857142857,21.825,25.946428571428573,19.200000000000003,25.199999999999996,1.9
2,2017-07-24,21.825,25.946428571428573,19.114285714285717,25.199999999999996,1.9,38.39999999999999
2,2017-07-31,25.946428571428573,19.114285714285717,23.13214285714286,1.9,38.39999999999999,40.15
2,2017-08-07,19.114285714285717,23.13214285714286,21.889285714285712,38.39999999999999,40.15,3.3
2,2017-08-14,23.13214285714286,21.889285714285712,22.90357142857143,40.15,3.3,4.199999999999999
2,2017-08-21,21.889285714285712,22.90357142857143,22.292857142857144,3.3,4.199999999999999,1.0
2,2017-08-28,22.90357142857143,22.292857142857144,17.5,4.199999999999999,1.0,6.6
3,2017-09-04,22.292857142857144,17.5,19.257142857142856,1.0,6.6,29.400000000000002
3,2017-09-11,17.5,19.257142857142856,21.11785714285714,6.6,29.400000000000002,25.3
3,2017-09-18,19.257142857142856,21.11785714285714,18.97142857142857,29.400000000000002,25.3,17.35
3,2017-09-25,21.11785714285714,18.97142857142857,19.349999999999998,25.3,17.35,25.9
3,2017-10-02,18.97142857142857,19.349999999999998,17.875,17.35,25.9,1.4
3,2017-10-09,19.349999999999998,17.875,17.271428571428572,25.9,1.4,11.2
3,2017-10-16,17.875,17.271428571428572,14.99642857142857,1.4,11.2,0.0
3,2017-10-23,17.271428571428572,14.99642857142857,15.596428571428572,11.2,0.0,61.0
3,2017-10-30,14.99642857142857,15.596428571428572,12.625,0.0,61.0,55.4
3,2017-11-06,15.596428571428572,12.625,5.4750000000000005,61.0,55.4,6.1
3,2017-11-13,12.625,5.4750000000000005,4.682142857142857,55.4,6.1,17.549999999999997
3,2017-11-20,5.4750000000000005,4.682142857142857,6.021428571428571,6.1,17.549999999999997,23.450000000000003
3,2017-11-27,4.682142857142857,6.021428571428571,4.325,17.549999999999997,23.450000000000003,1.65
0,2017-12-04,6.021428571428571,4.325,3.767857142857143,23.450000000000003,1.65,32.95
0,2017-12-11,4.325,3.767857142857143,-2.4035714285714285,1.65,32.95,1.0
0,2017-12-18,3.767857142857143,-2.4035714285714285,0.37142857142857144,32.95,1.0,17.65
0,2017-12-25,-2.4035714285714285,0.37142857142857144,-8.742857142857144,1.0,17.65,16.3
0,2018-01-01,0.37142857142857144,-8.742857142857144,-10.921428571428573,17.65,16.3,35.949999999999996
0,2018-01-08,-8.742857142857144,-10.921428571428573,1.4964285714285717,16.3,35.949999999999996,49.25
0,2018-01-15,-10.921428571428573,1.4964285714285717,-2.335714285714286,35.949999999999996,49.25,5.449999999999999
0,2018-01-22,1.4964285714285717,-2.335714285714286,1.7964285714285715,49.25,5.449999999999999,34.199999999999996
0,2018-01-29,-2.335714285714286,1.7964285714285715,-1.7857142857142858,5.449999999999999,34.199999999999996,16.8
0,2018-02-05,1.7964285714285715,-1.7857142857142858,0.557142857142857,34.199999999999996,16.8,45.2
0,2018-02-12,-1.7857142857142858,0.557142857142857,3.1107142857142853,16.8,45.2,20.95
0,2018-02-19,0.557142857142857,3.1107142857142853,7.125,45.2,20.95,18.8
0,2018-02-26,3.1107142857142853,7.125,6.107142857142857,20.95,18.8,68.6
1,2018-03-05,7.125,6.107142857142857,1.45,18.8,68.6,41.849999999999994
1,2018-03-12,6.107142857142857,1.45,0.4178571428571428,68.6,41.849999999999994,36.35
1,2018-03-19,1.45,0.4178571428571428,1.4749999999999999,41.849999999999994,36.35,5.8
1,2018-03-26,0.4178571428571428,1.4749999999999999,6.196428571428571,36.35,5.8,2.35
1,2018-04-02,1.4749999999999999,6.196428571428571,3.9250000000000003,5.8,2.35,25.849999999999998
1,2018-04-09,6.196428571428571,3.9250000000000003,5.825,2.35,25.849999999999998,1.75
1,2018-04-16,3.9250000000000003,5.825,6.682142857142858,25.849999999999998,1.75,59.3
1,2018-04-23,5.825,6.682142857142858,12.389285714285714,1.75,59.3,38.35
1,2018-04-30,6.682142857142858,12.389285714285714,17.54642857142857,59.3,38.35,11.799999999999999
1,2018-05-07,12.389285714285714,17.54642857142857,13.167857142857143,38.35,11.799999999999999,7.75
1,2018-05-14,17.54642857142857,13.167857142857143,14.917857142857143,11.799999999999999,7.75,35.05
1,2018-05-21,13.167857142857143,14.917857142857143,19.053571428571427,7.75,35.05,4.85
1,2018-05-28,14.917857142857143,19.053571428571427,18.800000000000004,35.05,4.85,3.2
2,2018-06-04,19.053571428571427,18.800000000000004,16.224999999999998,4.85,3.2,23.599999999999998
2,2018-06-11,18.800000000000004,16.224999999999998,19.292857142857144,3.2,23.599999999999998,0.15
2,2018-06-18,16.224999999999998,19.292857142857144,21.442857142857143,23.599999999999998,0.15,9.200000000000001
2,2018-06-25,19.292857142857144,21.442857142857143,23.0,0.15,9.200000000000001,40.9
2,2018-07-02,21.442857142857143,23.0,25.86785714285714,9.200000000000001,40.9,9.05
2,2018-07-09,23.0,25.86785714285714,23.185714285714287,40.9,9.05,10.799999999999999
2,2018-07-16,25.86785714285714,23.185714285714287,22.92142857142857,9.05,10.799999999999999,67.19999999999999
2,2018-07-23,23.185714285714287,22.92142857142857,26.160714285714285,10.799999999999999,67.19999999999999,28.349999999999998
2,2018-07-30,22.92142857142857,26.160714285714285,25.682142857142857,67.19999999999999,28.349999999999998,21.0
2,2018-08-06,26.160714285714285,25.682142857142857,26.207142857142856,28.349999999999998,21.0,77.25
2,2018-08-13,25.682142857142857,26.207142857142856,24.135714285714283,21.0,77.25,19.099999999999998
2,2018-08-20,26.207142857142856,24.135714285714283,21.639285714285712,77.25,19.099999999999998,10.8
2,2018-08-27,24.135714285714283,21.639285714285712,25.7,19.099999999999998,10.8,0.0
3,2018-09-03,21.639285714285712,25.7,24.178571428571427,10.8,0.0,5.25
3,2018-09-10,25.7,24.178571428571427,19.460714285714285,0.0,5.25,52.599999999999994
3,2018-09-17,24.178571428571427,19.460714285714285,19.460714285714285,5.25,52.599999999999994,30.599999999999998
3,2018-09-24,19.460714285714285,19.460714285714285,16.65357142857143,52.599999999999994,30.599999999999998,59.2
3,2018-10-01,19.460714285714285,16.65357142857143,15.52142857142857,30.599999999999998,59.2,19.0
3,2018-10-08,16.65357142857143,15.52142857142857,16.257142857142856,59.2,19.0,23.400000000000002
3,2018-10-15,15.52142857142857,16.257142857142856,10.242857142857144,19.0,23.400000000000002,4.5
3,2018-10-22,16.257142857142856,10.242857142857144,6.103571428571429,23.400000000000002,4.5,49.2
3,2018-10-29,10.242857142857144,6.103571428571429,10.771428571428572,4.5,49.2,58.39999999999999
3,2018-11-05,6.103571428571429,10.771428571428572,8.664285714285715,49.2,58.39999999999999,69.75
3,2018-11-12,10.771428571428572,8.664285714285715,3.142857142857143,58.39999999999999,69.75,59.15
3,2018-11-19,8.664285714285715,3.142857142857143,0.09642857142857153,69.75,59.15,33.099999999999994
3,2018-11-26,3.142857142857143,0.09642857142857153,4.635714285714286,59.15,33.099999999999994,53.400000000000006
0,2018-12-03,0.09642857142857153,4.635714285714286,1.2285714285714284,33.099999999999994,53.400000000000006,5.1
0,2018-12-10,4.635714285714286,1.2285714285714284,1.0178571428571428,53.400000000000006,5.1,6.85
0,2018-12-17,1.2285714285714284,1.0178571428571428,4.260714285714285,5.1,6.85,29.450000000000003
0,2018-12-24,1.0178571428571428,4.260714285714285,2.2535714285714286,6.85,29.450000000000003,8.65
0,2018-12-31,4.260714285714285,2.2535714285714286,3.3071428571428574,29.450000000000003,8.65,35.45
0,2019-01-07,2.2535714285714286,3.3071428571428574,-1.7714285714285716,8.65,35.45,3.55
0,2019-01-14,3.3071428571428574,-1.7714285714285716,-2.1,35.45,3.55,34.15
0,2019-01-21,-1.7714285714285716,-2.1,-2.5928571428571425,3.55,34.15,34.55
0,2019-01-28,-2.1,-2.5928571428571425,-4.739285714285714,34.15,34.55,5.25
0,2019-02-04,-2.5928571428571425,-4.739285714285714,4.046428571428572,34.55,5.25,16.349999999999998
0,2019-02-11,-4.739285714285714,4.046428571428572,0.8285714285714285,5.25,16.349999999999998,34.0
0,2019-02-18,4.046428571428572,0.8285714285714285,-0.33928571428571425,16.349999999999998,34.0,27.85
0,2019-02-25,0.8285714285714285,-0.33928571428571425,-1.7892857142857144,34.0,27.85,17.049999999999997
1,2019-03-04,-0.33928571428571425,-1.7892857142857144,-2.5928571428571425,27.85,17.049999999999997,33.5
1,2019-03-11,-1.7892857142857144,-2.5928571428571425,5.185714285714286,17.049999999999997,33.5,11.2
1,2019-03-18,-2.5928571428571425,5.185714285714286,3.8428571428571425,33.5,11.2,23.9
1,2019-03-25,5.185714285714286,3.8428571428571425,7.057142857142857,11.2,23.9,1.85
1,2019-04-01,3.8428571428571425,7.057142857142857,7.446428571428571,23.9,1.85,17.55
1,2019-04-08,7.057142857142857,7.446428571428571,8.682142857142857,1.85,17.55,20.65
1,2019-04-15,7.446428571428571,8.682142857142857,14.235714285714286,17.55,20.65,26.3
1,2019-04-22,8.682142857142857,14.235714285714286,10.975,20.65,26.3,106.2
1,2019-04-29,14.235714285714286,10.975,9.739285714285714,26.3,106.2,11.1
1,2019-05-06,10.975,9.739285714285714,13.217857142857143,106.2,11.1,7.0
1,2019-05-13,9.739285714285714,13.217857142857143,11.75,11.1,7.0,40.9
1,2019-05-20,13.217857142857143,11.75,18.017857142857142,7.0,40.9,16.25
1,2019-05-27,11.75,18.017857142857142,15.785714285714286,40.9,16.25,17.2
2,2019-06-03,18.017857142857142,15.785714285714286,19.264285714285712,16.25,17.2,2.6
2,2019-06-10,15.785714285714286,19.264285714285712,19.696428571428573,17.2,2.6,37.4
2,2019-06-17,19.264285714285712,19.696428571428573,20.285714285714285,2.6,37.4,45.55
2,2019-06-24,19.696428571428573,20.285714285714285,22.29642857142857,37.4,45.55,37.9
2,2019-07-01,20.285714285714285,22.29642857142857,25.285714285714285,45.55,37.9,33.15
2,2019-07-08,22.29642857142857,25.285714285714285,24.610714285714288,37.9,33.15,24.65
2,2019-07-15,25.285714285714285,24.610714285714288,26.314285714285713,33.15,24.65,16.5
2,2019-07-22,24.610714285714288,26.314285714285713,23.560714285714287,24.65,16.5,50.05
2,2019-07-29,26.314285714285713,23.560714285714287,26.5,16.5,50.05,19.35
2,2019-08-05,23.560714285714287,26.5,23.385714285714283,50.05,19.35,65.05
2,2019-08-12,26.5,23.385714285714283,22.564285714285713,19.35,65.05,3.1999999999999997
2,2019-08-19,23.385714285714283,22.564285714285713,24.303571428571427,65.05,3.1999999999999997,2.8
2,2019-08-26,22.564285714285713,24.303571428571427,20.79642857142857,3.1999999999999997,2.8,29.3
3,2019-09-02,24.303571428571427,20.79642857142857,19.503571428571426,2.8,29.3,26.349999999999998
3,2019-09-09,20.79642857142857,19.503571428571426,18.814285714285713,29.3,26.349999999999998,6.949999999999999
3,2019-09-16,19.503571428571426,18.814285714285713,18.035714285714285,26.349999999999998,6.949999999999999,0.0
3,2019-09-23,18.814285714285713,18.035714285714285,20.849999999999998,6.949999999999999,0.0,10.8
3,2019-09-30,18.035714285714285,20.849999999999998,14.164285714285715,0.0,10.8,10.549999999999999
3,2019-10-07,20.849999999999998,14.164285714285715,14.35357142857143,10.8,10.549999999999999,23.599999999999998
3,2019-10-14,14.164285714285715,14.35357142857143,12.025,10.549999999999999,23.599999999999998,42.45
3,2019-10-21,14.35357142857143,12.025,12.882142857142856,23.599999999999998,42.45,30.95
3,2019-10-28,12.025,12.882142857142856,12.039285714285715,42.45,30.95,26.95
3,2019-11-04,12.882142857142856,12.039285714285715,6.303571428571429,30.95,26.95,15.899999999999999
3,2019-11-11,12.039285714285715,6.303571428571429,2.210714285714286,26.95,15.899999999999999,1.9
3,2019-11-18,6.303571428571429,2.210714285714286,4.696428571428571,15.899999999999999,1.9,41.849999999999994
3,2019-11-25,2.210714285714286,4.696428571428571,4.610714285714286,1.9,41.849999999999994,31.8
0,2019-12-02,4.696428571428571,4.610714285714286,-0.09285714285714285,41.849999999999994,31.8,39.25
0,2019-12-09,4.610714285714286,-0.09285714285714285,4.9678571428571425,31.8,39.25,60.7
0,2019-12-16,-0.09285714285714285,4.9678571428571425,-2.0607142857142855,39.25,60.7,17.65
0,2019-12-23,4.9678571428571425,-2.0607142857142855,4.3500000000000005,60.7,17.65,1.55
0,2019-12-30,-2.0607142857142855,4.3500000000000005,4.460714285714286,17.65,1.55,52.65
0,2020-01-06,4.3500000000000005,4.460714285714286,4.053571428571429,1.55,52.65,1.15
0,2020-01-13,4.460714285714286,4.053571428571429,1.1464285714285718,52.65,1.15,10.55
0,2020-01-20,4.053571428571429,1.1464285714285718,0.2535714285714287,1.15,10.55,15.5
0,2020-01-27,1.1464285714285718,0.2535714285714287,2.3000000000000003,10.55,15.5,0.25
0,2020-02-03,0.2535714285714287,2.3000000000000003,2.3035714285714284,15.5,0.25,20.5
0,2020-02-10,2.3000000000000003,2.3035714285714284,0.982142857142857,0.25,20.5,21.049999999999997
0,2020-02-17,2.3035714285714284,0.982142857142857,1.4107142857142858,20.5,21.049999999999997,10.8
0,2020-02-24,0.982142857142857,1.4107142857142858,4.453571428571428,21.049999999999997,10.8,28.65
1,2020-03-02,1.4107142857142858,4.453571428571428,5.171428571428572,10.8,28.65,1.2000000000000002
1,2020-03-09,4.453571428571428,5.171428571428572,8.839285714285714,28.65,1.2000000000000002,7.3
1,2020-03-16,5.171428571428572,8.839285714285714,4.853571428571429,1.2000000000000002,7.3,16.15
1,2020-03-23,8.839285714285714,4.853571428571429,5.2892857142857155,7.3,16.15,57.45
1,2020-03-30,4.853571428571429,5.2892857142857155,4.735714285714286,16.15,57.45,44.949999999999996
1,2020-04-06,5.2892857142857155,4.735714285714286,8.310714285714285,57.45,44.949999999999996,18.85
1,2020-04-13,4.735714285714286,8.310714285714285,7.735714285714286,44.949999999999996,18.85,36.650000000000006
1,2020-04-20,8.310714285714285,7.735714285714286,6.775,18.85,36.650000000000006,17.25
1,2020-04-27,7.735714285714286,6.775,9.625,36.650000000000006,17.25,44.35
1,2020-05-04,6.775,9.625,10.6,17.25,44.35,10.7
1,2020-05-11,9.625,10.6,13.053571428571429,44.35,10.7,24.6
1,2020-05-18,10.6,13.053571428571429,14.357142857142858,10.7,24.6,0.0
1,2020-05-25,13.053571428571429,14.357142857142858,19.36785714285714,24.6,0.0,3.4499999999999997
2,2020-06-01,14.357142857142858,19.36785714285714,19.071428571428573,0.0,3.4499999999999997,19.599999999999998
2,2020-06-08,19.36785714285714,19.071428571428573,19.150000000000002,3.4499999999999997,19.599999999999998,17.8
2,2020-06-15,19.071428571428573,19.150000000000002,21.339285714285715,19.599999999999998,17.8,0.0
2,2020-06-22,19.150000000000002,21.339285714285715,23.667857142857144,17.8,0.0,17.65
2,2020-06-29,21.339285714285715,23.667857142857144,20.675,0.0,17.65,19.8
2,2020-07-06,23.667857142857144,20.675,24.228571428571428,17.65,19.8,7.1499999999999995
2,2020-07-13,20.675,24.228571428571428,22.517857142857142,19.8,7.1499999999999995,17.95
2,2020-07-20,24.228571428571428,22.517857142857142,26.360714285714288,7.1499999999999995,17.95,18.150000000000002
2,2020-07-27,22.517857142857142,26.360714285714288,27.039285714285715,17.95,18.150000000000002,0.9
2,2020-08-03,26.360714285714288,27.039285714285715,25.135714285714283,18.150000000000002,0.9,4.949999999999999
2,2020-08-10,27.039285714285715,25.135714285714283,25.474999999999998,0.9,4.949999999999999,2.3
2,2020-08-17,25.135714285714283,25.474999999999998,21.928571428571427,4.949999999999999,2.3,29.95
2,2020-08-24,25.474999999999998,21.928571428571427,22.014285714285712,2.3,29.95,16.3
2,2020-08-31,21.928571428571427,22.014285714285712,20.403571428571432,29.95,16.3,7.5
3,2020-09-07,22.014285714285712,20.403571428571432,20.224999999999998,16.3,7.5,9.8
3,2020-09-14,20.403571428571432,20.224999999999998,15.953571428571427,7.5,9.8,0.0
3,2020-09-21,20.224999999999998,15.953571428571427,16.71785714285714,9.8,0.0,0.0
3,2020-09-28,15.953571428571427,16.71785714285714,18.15,0.0,0.0,18.65
3,2020-10-05,16.71785714285714,18.15,15.053571428571429,0.0,18.65,1.75
3,2020-10-12,18.15,15.053571428571429,12.807142857142859,18.65,1.75,88.35
3,2020-10-19,15.053571428571429,12.807142857142859,13.696428571428571,1.75,88.35,1.9
3,2020-10-26,12.807142857142859,13.696428571428571,6.528571428571428,88.35,1.9,52.6
3,2020-11-02,13.696428571428571,6.528571428571428,10.153571428571428,1.9,52.6,8.15
3,2020-11-09,6.528571428571428,10.153571428571428,12.12857142857143,52.6,8.15,11.299999999999999
3,2020-11-16,10.153571428571428,12.12857142857143,6.078571428571428,8.15,11.299999999999999,6.8500000000000005
3,2020-11-23,12.12857142857143,6.078571428571428,7.228571428571428,11.299999999999999,6.8500000000000005,53.35
3,2020-11-30,6.078571428571428,7.228571428571428,6.932142857142858,6.8500000000000005,53.35,91.3
0,2020-12-07,7.228571428571428,6.932142857142858,1.6571428571428568,53.35,91.3,12.2
0,2020-12-14,6.932142857142858,1.6571428571428568,-2.1964285714285716,91.3,12.2,41.4
0,2020-12-21,1.6571428571428568,-2.1964285714285716,2.978571428571428,12.2,41.4,41.65
0,2020-12-28,-2.1964285714285716,2.978571428571428,1.442857142857143,41.4,41.65,15.950000000000001
0,2021-01-04,2.978571428571428,1.442857142857143,0.46071428571428574,41.65,15.950000000000001,1.55
0,2021-01-11,1.442857142857143,0.46071428571428574,2.1535714285714285,15.950000000000001,1.55,33.1
0,2021-01-18,0.46071428571428574,2.1535714285714285,-0.03214285714285709,1.55,33.1,0.0
0,2021-01-25,2.1535714285714285,-0.03214285714285709,-5.107142857142857,33.1,0.0,9.55
0,2021-02-01,-0.03214285714285709,-5.107142857142857,-0.4571428571428572,0.0,9.55,40.95
0,2021-02-08,-5.107142857142857,-0.4571428571428572,-4.589285714285714,9.55,40.95,12.35
0,2021-02-15,-0.4571428571428572,-4.589285714285714,-1.5678571428571428,40.95,12.35,28.1
0,2021-02-22,-4.589285714285714,-1.5678571428571428,2.482142857142857,12.35,28.1,8.899999999999999
1,2021-03-01,-1.5678571428571428,2.482142857142857,-0.25357142857142867,28.1,8.899999999999999,4.199999999999999
1,2021-03-08,2.482142857142857,-0.25357142857142867,6.432142857142857,8.899999999999999,4.199999999999999,0.0
1,2021-03-15,-0.25357142857142867,6.432142857142857,2.0321428571428575,4.199999999999999,0.0,17.55
1,2021-03-22,6.432142857142857,2.0321428571428575,10.65,0.0,17.55,12.05
1,2021-03-29,2.0321428571428575,10.65,7.189285714285715,17.55,12.05,37.349999999999994
1,2021-04-05,10.65,7.189285714285715,11.592857142857143,12.05,37.349999999999994,0.0
1,2021-04-12,7.189285714285715,11.592857142857143,7.867857142857143,37.349999999999994,0.0,60.65
1,2021-04-19,11.592857142857143,7.867857142857143,11.928571428571429,0.0,60.65,8.7
1,2021-04-26,7.867857142857143,11.928571428571429,12.00357142857143,60.65,8.7,30.6
1,2021-05-03,11.928571428571429,12.00357142857143,12.414285714285715,8.7,30.6,33.3
1,2021-05-10,12.00357142857143,12.414285714285715,15.703571428571431,30.6,33.3,9.0
1,2021-05-17,12.414285714285715,15.703571428571431,20.321428571428573,33.3,9.0,0.15
1,2021-05-24,15.703571428571431,20.321428571428573,17.232142857142858,9.0,0.15,74.15
1,2021-05-31,20.321428571428573,17.232142857142858,19.782142857142855,0.15,74.15,15.500000000000002
2,2021-06-07,17.232142857142858,19.782142857142855,23.382142857142856,74.15,15.500000000000002,19.65
2,2021-06-14,19.782142857142855,23.382142857142856,21.478571428571428,15.500000000000002,19.65,15.15
2,2021-06-21,23.382142857142856,21.478571428571428,22.542857142857144,19.65,15.15,34.9
2,2021-06-28,21.478571428571428,22.542857142857144,23.967857142857145,15.15,34.9,152.55
2,2021-07-05,22.542857142857144,23.967857142857145,21.353571428571428,34.9,152.55,87.65
2,2021-07-12,23.967857142857145,21.353571428571428,22.74642857142857,152.55,87.65,47.4
2,2021-07-19,21.353571428571428,22.74642857142857,22.485714285714288,87.65,47.4,5.6
2,2021-07-26,22.74642857142857,22.485714285714288,22.564285714285713,47.4,5.6,17.85
2,2021-08-02,22.485714285714288,22.564285714285713,22.789285714285715,5.6,17.85,44.050000000000004
2,2021-08-09,22.564285714285713,22.789285714285715,26.00714285714286,17.85,44.050000000000004,20.35
2,2021-08-16,22.789285714285715,26.00714285714286,24.417857142857144,44.050000000000004,20.35,40.25
2,2021-08-23,26.00714285714286,24.417857142857144,25.167857142857144,20.35,40.25,45.3
2,2021-08-30,24.417857142857144,25.167857142857144,21.285714285714285,40.25,45.3,114.95
3,2021-09-06,25.167857142857144,21.285714285714285,21.732142857142858,45.3,114.95,30.599999999999998
3,2021-09-13,21.285714285714285,21.732142857142858,21.385714285714283,114.95,30.599999999999998,16.6
3,2021-09-20,21.732142857142858,21.385714285714283,20.467857142857145,30.599999999999998,16.6,15.149999999999999
3,2021-09-27,21.385714285714283,20.467857142857145,16.342857142857145,16.6,15.149999999999999,20.95
3,2021-10-04,20.467857142857145,16.342857142857145,16.482142857142858,15.149999999999999,20.95,40.4
3,2021-10-11,16.342857142857145,16.482142857142858,18.474999999999998,20.95,40.4,8.15
3,2021-10-18,16.482142857142858,18.474999999999998,14.282142857142857,40.4,8.15,0.0
3,2021-10-25,18.474999999999998,14.282142857142857,10.924999999999999,8.15,0.0,103.3
3,2021-11-01,14.282142857142857,10.924999999999999,7.9678571428571425,0.0,103.3,0.4
3,2021-11-08,10.924999999999999,7.9678571428571425,10.335714285714285,103.3,0.4,22.25
3,2021-11-15,7.9678571428571425,10.335714285714285,6.632142857142857,0.4,22.25,9.0
3,2021-11-22,10.335714285714285,6.632142857142857,4.2821428571428575,22.25,9.0,7.1
3,2021-11-29,6.632142857142857,4.2821428571428575,3.357142857142857,9.0,7.1,0.4
0,2021-12-06,4.2821428571428575,3.357142857142857,4.567857142857143,7.1,0.4,14.65
0,2021-12-13,3.357142857142857,4.567857142857143,6.757142857142857,0.4,14.65,29.199999999999996
0,2021-12-20,4.567857142857143,6.757142857142857,-0.4107142857142856,14.65,29.199999999999996,15.849999999999998
0,2021-12-27,6.757142857142857,-0.4107142857142856,4.553571428571429,29.199999999999996,15.849999999999998,10.799999999999999
0,2022-01-03,-0.4107142857142856,4.553571428571429,-1.125,15.849999999999998,10.799999999999999,17.0
0,2022-01-10,4.553571428571429,-1.125,-4.617857142857143,10.799999999999999,17.0,0.0
0,2022-01-17,-1.125,-4.617857142857143,-2.875,17.0,0.0,26.4
0,2022-01-24,-4.617857142857143,-2.875,-4.721428571428571,0.0,26.4,25.9
0,2022-01-31,-2.875,-4.721428571428571,-3.1,26.4,25.9,47.25
0,2022-02-07,-4.721428571428571,-3.1,2.8285714285714287,25.9,47.25,25.65
0,2022-02-14,-3.1,2.8285714285714287,-0.753571428571429,47.25,25.65,14.4
0,2022-02-21,2.8285714285714287,-0.753571428571429,1.1071428571428574,25.65,14.4,35.5
0,2022-02-28,-0.753571428571429,1.1071428571428574,-0.1785714285714287,14.4,35.5,6.65
1,2022-03-07,1.1071428571428574,-0.1785714285714287,4.875,35.5,6.65,23.15
1,2022-03-14,-0.1785714285714287,4.875,8.028571428571428,6.65,23.15,5.8999999999999995
1,2022-03-21,4.875,8.028571428571428,7.2178571428571425,23.15,5.8999999999999995,40.25
1,2022-03-28,8.028571428571428,7.2178571428571425,4.835714285714286,5.8999999999999995,40.25,12.95
1,2022-04-04,7.2178571428571425,4.835714285714286,8.789285714285715,40.25,12.95,14.35
1,2022-04-11,4.835714285714286,8.789285714285715,12.174999999999999,12.95,14.35,17.25
1,2022-04-18,8.789285714285715,12.174999999999999,9.860714285714286,14.35,17.25,21.049999999999997
1,2022-04-25,12.174999999999999,9.860714285714286,9.339285714285714,17.25,21.049999999999997,7.35
1,2022-05-02,9.860714285714286,9.339285714285714,11.582142857142857,21.049999999999997,7.35,9.75
1,2022-05-09,9.339285714285714,11.582142857142857,15.142857142857142,7.35,9.75,0.4
1,2022-05-16,11.582142857142857,15.142857142857142,17.564285714285713,9.75,0.4,5.75
1,2022-05-23,15.142857142857142,17.564285714285713,18.29642857142857,0.4,5.75,17.849999999999998
1,2022-05-30,17.564285714285713,18.29642857142857,17.84642857142857,5.75,17.849999999999998,6.3500000000000005
2,2022-06-06,18.29642857142857,17.84642857142857,20.77857142857143,17.849999999999998,6.3500000000000005,27.299999999999997
2,2022-06-13,17.84642857142857,20.77857142857143,20.782142857142855,6.3500000000000005,27.299999999999997,9.95
2,2022-06-20,20.77857142857143,20.782142857142855,19.292857142857144,27.299999999999997,9.95,0.0
2,2022-06-27,20.782142857142855,19.292857142857144,23.532142857142855,9.95,0.0,25.6
2,2022-07-04,19.292857142857144,23.532142857142855,22.625,0.0,25.6,2.55
2,2022-07-11,23.532142857142855,22.625,23.935714285714287,25.6,2.55,4.75
2,2022-07-18,22.625,23.935714285714287,28.228571428571428,2.55,4.75,6.1000000000000005
2,2022-07-25,23.935714285714287,28.228571428571428,26.010714285714283,4.75,6.1000000000000005,1.8
2,2022-08-01,28.228571428571428,26.010714285714283,27.400000000000002,6.1000000000000005,1.8,14.25
2,2022-08-08,26.010714285714283,27.400000000000002,24.560714285714287,1.8,14.25,5.95
2,2022-08-15,27.400000000000002,24.560714285714287,23.478571428571428,14.25,5.95,0.3
2,2022-08-22,24.560714285714287,23.478571428571428,23.185714285714287,5.95,0.3,34.8
2,2022-08-29,23.478571428571428,23.185714285714287,22.567857142857143,0.3,34.8,7.0
3,2022-09-05,23.185714285714287,22.567857142857143,20.217857142857145,34.8,7.0,38.9
3,2022-09-12,22.567857142857143,20.217857142857145,19.375,7.0,38.9,4.6
3,2022-09-19,20.217857142857145,19.375,16.067857142857143,38.9,4.6,32.05
3,2022-09-26,19.375,16.067857142857143,15.464285714285714,4.6,32.05,12.100000000000001
3,2022-10-03,16.067857142857143,15.464285714285714,13.664285714285715,32.05,12.100000000000001,29.650000000000002
3,2022-10-10,15.464285714285714,13.664285714285715,14.885714285714286,12.100000000000001,29.650000000000002,52.15
3,2022-10-17,13.664285714285715,14.885714285714286,12.067857142857141,29.650000000000002,52.15,10.4
3,2022-10-24,14.885714285714286,12.067857142857141,12.221428571428572,52.15,10.4,17.9
3,2022-10-31,12.067857142857141,12.221428571428572,15.114285714285716,10.4,17.9,1.6999999999999997
3,2022-11-07,12.221428571428572,15.114285714285716,14.489285714285714,17.9,1.6999999999999997,15.5
3,2022-11-14,15.114285714285716,14.489285714285714,4.2178571428571425,1.6999999999999997,15.5,21.5
3,2022-11-21,14.489285714285714,4.2178571428571425,4.703571428571428,15.5,21.5,8.3
3,2022-11-28,4.2178571428571425,4.703571428571428,6.246428571428572,21.5,8.3,32.3
0,2022-12-05,4.703571428571428,6.246428571428572,4.964285714285714,8.3,32.3,24.0
0,2022-12-12,6.246428571428572,4.964285714285714,1.1142857142857143,32.3,24.0,46.9
0,2022-12-19,4.964285714285714,1.1142857142857143,-0.0928571428571429,24.0,46.9,32.7
0,2022-12-26,1.1142857142857143,-0.0928571428571429,3.632142857142857,46.9,32.7,10.05
0,2023-01-02,-0.0928571428571429,3.632142857142857,3.7142857142857144,32.7,10.05,28.1
0,2023-01-09,3.632142857142857,3.7142857142857144,2.3000000000000003,10.05,28.1,18.0
0,2023-01-16,3.7142857142857144,2.3000000000000003,1.8071428571428572,28.1,18.0,38.050000000000004
0,2023-01-23,2.3000000000000003,1.8071428571428572,2.757142857142857,18.0,38.050000000000004,53.85
0,2023-01-30,1.8071428571428572,2.757142857142857,-2.7785714285714285,38.050000000000004,53.85,1.65
0,2023-02-06,2.757142857142857,-2.7785714285714285,3.9892857142857143,53.85,1.65,1.15
0,2023-02-13,-2.7785714285714285,3.9892857142857143,5.935714285714285,1.65,1.15,2.05
0,2023-02-20,3.9892857142857143,5.935714285714285,0.8642857142857144,1.15,2.05,25.45
0,2023-02-27,5.935714285714285,0.8642857142857144,1.6321428571428573,2.05,25.45,36.8
1,2023-03-06,0.8642857142857144,1.6321428571428573,3.4857142857142853,25.45,36.8,1.15
1,2023-03-13,1.6321428571428573,3.4857142857142853,4.817857142857143,36.8,1.15,75.94999999999999
1,2023-03-20,3.4857142857142853,4.817857142857143,7.0,1.15,75.94999999999999,2.55
1,2023-03-27,4.817857142857143,7.0,5.807142857142857,75.94999999999999,2.55,27.950000000000003
1,2023-04-03,7.0,5.807142857142857,7.185714285714285,2.55,27.950000000000003,0.15
1,2023-04-10,5.807142857142857,7.185714285714285,15.460714285714285,27.950000000000003,0.15,0.0
1,2023-04-17,7.185714285714285,15.460714285714285,10.064285714285715,0.15,0.0,15.5
1,2023-04-24,15.460714285714285,10.064285714285715,10.375,0.0,15.5,42.9
1,2023-05-01,10.064285714285715,10.375,12.428571428571429,15.5,42.9,23.65
1,2023-05-08,10.375,12.428571428571429,18.03214285714286,42.9,23.65,1.0
1,2023-05-15,12.428571428571429,18.03214285714286,15.360714285714286,23.65,1.0,46.349999999999994
1,2023-05-22,18.03214285714286,15.360714285714286,15.364285714285714,1.0,46.349999999999994,1.7999999999999998
1,2023-05-29,15.360714285714286,15.364285714285714,17.257142857142856,46.349999999999994,1.7999999999999998,16.7
2,2023-06-05,15.364285714285714,17.257142857142856,15.092857142857143,1.7999999999999998,16.7,12.0
2,2023-06-12,17.257142857142856,15.092857142857143,20.114285714285717,16.7,12.0,47.9
2,2023-06-19,15.092857142857143,20.114285714285717,18.74642857142857,12.0,47.9,2.3
2,2023-06-26,20.114285714285717,18.74642857142857,22.807142857142853,47.9,2.3,25.8
2,2023-07-03,18.74642857142857,22.807142857142853,23.842857142857145,2.3,25.8,36.4
2,2023-07-10,22.807142857142853,23.842857142857145,24.896428571428572,25.8,36.4,48.150000000000006
2,2023-07-17,23.842857142857145,24.896428571428572,24.310714285714287,36.4,48.150000000000006,68.85
2,2023-07-24,24.896428571428572,24.310714285714287,25.22142857142857,48.150000000000006,68.85,117.6
2,2023-07-31,24.310714285714287,25.22142857142857,21.61785714285714,68.85,117.6,0.65
2,2023-08-07,25.22142857142857,21.61785714285714,23.614285714285717,117.6,0.65,40.9
2,2023-08-14,21.61785714285714,23.614285714285717,21.410714285714285,0.65,40.9,53.55
2,2023-08-21,23.614285714285717,21.410714285714285,21.625,40.9,53.55,49.8
2,2023-08-28,21.410714285714285,21.625,20.24642857142857,53.55,49.8,18.7
3,2023-09-04,21.625,20.24642857142857,25.61785714285714,49.8,18.7,10.049999999999999
3,2023-09-11,20.24642857142857,25.61785714285714,20.389285714285712,18.7,10.049999999999999,46.85
3,2023-09-18,25.61785714285714,20.389285714285712,17.521428571428572,10.049999999999999,46.85,53.7
3,2023-09-25,20.389285714285712,17.521428571428572,14.321428571428571,46.85,53.7,14.8
3,2023-10-02,17.521428571428572,14.321428571428571,18.400000000000002,53.7,14.8,4.85
3,2023-10-09,14.321428571428571,18.400000000000002,13.475,14.8,4.85,0.0
3,2023-10-16,18.400000000000002,13.475,13.064285714285715,4.85,0.0,19.7
3,2023-10-23,13.475,13.064285714285715,15.942857142857141,0.0,19.7,2.4
3,2023-10-30,13.064285714285715,15.942857142857141,7.728571428571429,19.7,2.4,15.95
3,2023-11-06,15.942857142857141,7.728571428571429,7.2749999999999995,2.4,15.95,6.1
3,2023-11-13,7.728571428571429,7.2749999999999995,6.5321428571428575,15.95,6.1,3.3
3,2023-11-20,7.2749999999999995,6.5321428571428575,3.6464285714285714,6.1,3.3,36.35
3,2023-11-27,6.5321428571428575,3.6464285714285714,4.825,3.3,36.35,22.25
0,2023-12-04,3.6464285714285714,4.825,2.778571428571428,36.35,22.25,19.45
0,2023-12-11,4.825,2.778571428571428,5.232142857142857,22.25,19.45,62.550000000000004
0,2023-12-18,2.778571428571428,5.232142857142857,3.3285714285714283,19.45,62.550000000000004,57.45
0,2023-12-25,5.232142857142857,3.3285714285714283,5.8500000000000005,62.550000000000004,57.45,22.45
0,2024-01-01,3.3285714285714283,5.8500000000000005,0.3428571428571429,57.45,22.45,23.85
0,2024-01-08,5.8500000000000005,0.3428571428571429,3.9071428571428575,22.45,23.85,108.35
0,2024-01-15,0.3428571428571429,3.9071428571428575,-4.553571428571429,23.85,108.35,14.85
0,2024-01-22,3.9071428571428575,-4.553571428571429,2.05,108.35,14.85,43.35
0,2024-01-29,-4.553571428571429,2.05,0.7571428571428571,14.85,43.35,11.700000000000001
0,2024-02-05,2.05,0.7571428571428571,3.0500000000000003,43.35,11.700000000000001,0.75
0,2024-02-12,0.7571428571428571,3.0500000000000003,0.7071428571428571,11.700000000000001,0.75,7.5
0,2024-02-19,3.0500000000000003,0.7071428571428571,0.34642857142857125,0.75,7.5,1.45
0,2024-02-26,0.7071428571428571,0.34642857142857125,4.046428571428572,7.5,1.45,43.5
1,2024-03-04,0.34642857142857125,4.046428571428572,6.110714285714286,1.45,43.5,70.3
1,2024-03-11,4.046428571428572,6.110714285714286,6.6642857142857155,43.5,70.3,1.05
1,2024-03-18,6.110714285714286,6.6642857142857155,3.692857142857143,70.3,1.05,62.7
1,2024-03-25,6.6642857142857155,3.692857142857143,6.171428571428572,1.05,62.7,58.35
1,2024-04-01,3.692857142857143,6.171428571428572,5.392857142857143,62.7,58.35,51.300000000000004
1,2024-04-08,6.171428571428572,5.392857142857143,10.564285714285715,58.35,51.300000000000004,21.749999999999996
1,2024-04-15,5.392857142857143,10.564285714285715,10.950000000000001,51.300000000000004,21.749999999999996,12.15
1,2024-04-22,10.564285714285715,10.950000000000001,8.971428571428572,21.749999999999996,12.15,0.8
1,2024-04-29,10.950000000000001,8.971428571428572,11.764285714285714,12.15,0.8,15.85
1,2024-05-06,8.971428571428572,11.764285714285714,13.092857142857143,0.8,15.85,22.049999999999997
1,2024-05-13,11.764285714285714,13.092857142857143,15.017857142857142,15.85,22.049999999999997,34.8
1,2024-05-20,13.092857142857143,15.017857142857142,19.675,22.049999999999997,34.8,5.8
1,2024-05-27,15.017857142857142,19.675,19.00714285714286,34.8,5.8,52.150000000000006
2,2024-06-03,19.675,19.00714285714286,20.442857142857143,5.8,52.150000000000006,3.65
2,2024-06-10,19.00714285714286,20.442857142857143,20.264285714285712,52.150000000000006,3.65,14.9
2,2024-06-17,20.442857142857143,20.264285714285712,24.25,3.65,14.9,26.449999999999996
2,2024-06-24,20.264285714285712,24.25,23.557142857142857,14.9,26.449999999999996,60.0
2,2024-07-01,24.25,23.557142857142857,23.90357142857143,26.449999999999996,60.0,15.799999999999999
2,2024-07-08,23.557142857142857,23.90357142857143,27.07857142857143,60.0,15.799999999999999,9.649999999999999
2,2024-07-15,23.90357142857143,27.07857142857143,26.364285714285717,15.799999999999999,9.649999999999999,9.3
2,2024-07-22,27.07857142857143,26.364285714285717,22.146428571428572,9.649999999999999,9.3,1.65
2,2024-07-29,26.364285714285717,22.146428571428572,25.932142857142857,9.3,1.65,26.85
2,2024-08-05,22.146428571428572,25.932142857142857,22.37142857142857,1.65,26.85,45.5
2,2024-08-12,25.932142857142857,22.37142857142857,21.457142857142856,26.85,45.5,17.1
2,2024-08-19,22.37142857142857,21.457142857142856,20.157142857142855,45.5,17.1,6.0
2,2024-08-26,21.457142857142856,20.157142857142855,21.646428571428572,17.1,6.0,0.65
3,2024-09-02,20.157142857142855,21.646428571428572,19.642857142857142,6.0,0.65,0.15
3,2024-09-09,21.646428571428572,19.642857142857142,19.860714285714288,0.65,0.15,0.0
3,2024-09-16,19.642857142857142,19.860714285714288,18.22857142857143,0.15,0.0,25.5
3,2024-09-23,19.860714285714288,18.22857142857143,16.989285714285717,0.0,25.5,9.25
3,2024-09-30,18.22857142857143,16.989285714285717,16.239285714285714,25.5,9.25,0.0
3,2024-10-07,16.989285714285717,16.239285714285714,13.067857142857141,9.25,0.0,10.35
3,2024-10-14,16.239285714285714,13.067857142857141,9.939285714285715,0.0,10.35,5.8999999999999995
3,2024-10-21,13.067857142857141,9.939285714285715,15.367857142857144,10.35,5.8999999999999995,0.0
3,2024-10-28,9.939285714285715,15.367857142857144,11.700000000000001,5.8999999999999995,0.0,5.949999999999999
3,2024-11-04,15.367857142857144,11.700000000000001,12.175,0.0,5.949999999999999,0.3
3,2024-11-11,11.700000000000001,12.175,7.8999999999999995,5.949999999999999,0.3,2.25
3,2024-11-18,12.175,7.8999999999999995,8.535714285714286,0.3,2.25,61.75
3,2024-11-25,7.8999999999999995,8.535714285714286,4.135714285714285,2.25,61.75,26.8
0,2024-12-02,8.535714285714286,4.135714285714285,0.27142857142857146,61.75,26.8,12.149999999999999
0,2024-12-09,4.135714285714285,0.27142857142857146,2.125,26.8,12.149999999999999,87.44999999999999
0,2024-12-16,0.27142857142857146,2.125,1.9928571428571427,12.149999999999999,87.44999999999999,37.85
0,2024-12-23,2.125,1.9928571428571427,-1.7321428571428572,87.44999999999999,37.85,2.8
0,2024-12-30,1.9928571428571427,-1.7321428571428572,8.9,37.85,2.8,14.599999999999998
